chain_id,address,account_type,code_state,code_size_bytes,observation_block_number,observation_block_timestamp,eip7702_delegation_target,safe_verified,safe_verification_status,safe_version,safe_singleton_address,safe_owner_count,safe_threshold,erc4337_observed,erc4337_user_operation_count,erc4337_first_observed_block,erc4337_last_observed_block,erc4337_entrypoint_address,erc4337_entrypoint_version,erc4337_entrypoint_source,erc4337_entrypoint_deployment_block,erc4337_effective_coverage,erc4337_failed_ranges,erc4337_block_chunk_size,erc4337_address_batch_size,fetch_status,reason_codes,coverage_scope,coverage_start_block,coverage_end_block,evidence_schema_version,fetched_at
1,0x0000000000000000000000000000000000000000,eoa_candidate,no_code,0,25512299,2026-07-11T22:16:06.660478+00:00,,,not_checked,,,,,,,,,,,,,,,,,partial,erc4337_not_checked|no_code_observed|safe_not_checked,legacy_code_snapshot,,25512299,account-evidence-v1,2026-07-11T22:16:06.660478+00:00
1,0x000000000000000000000000000000000000dead,eoa_candidate,no_code,0,25512299,2026-07-11T22:16:06.660478+00:00,,,not_checked,,,,,,,,,,,,,,,,,partial,erc4337_not_checked|no_code_observed|safe_not_checked,legacy_code_snapshot,,25512299,account-evidence-v1,2026-07-11T22:16:06.660478+00:00
1,0x000000000004444c5dc75cb358380d2e3de08a90,contract,contract_code,24009,25512299,2026-07-11T22:16:06.660478+00:00,,,not_checked,,,,,,,,,,,,,,,,,partial,contract_code_observed|erc4337_not_checked|safe_not_checked,legacy_code_snapshot,,25512299,account-evidence-v1,2026-07-11T22:16:06.660478+00:00
1,0x00000000003b3cc22af3ae1eac0440bcee416b40,contract,contract_code,10611,25512299,2026-07-11T22:16:06.660478+00:00,,,not_checked,,,,,,,,,,,,,,,,,partial,contract_code_observed|erc4337_not_checked|safe_not_checked,legacy_code_snapshot,,25512299,account-evidence-v1,2026-07-11T22:16:06.660478+00:00
1,0x00000000500e2fece27a7600435d0c48d64e0c00,contract,contract_code,3040,25512299,2026-07-11T22:16:06.660478+00:00,,,not_checked,,,,,,,,,,,,,,,,,partial,contract_code_observed|erc4337_not_checked|safe_not_checked,legacy_code_snapshot,,25512299,account-evidence-v1,2026-07-11T22:16:06.660478+00:00
1,0x00000000a991c429ee2ec6df19d40fe0c80088b8,contract,contract_code,10533,25512299,2026-07-11T22:16:06.660478+00:00,,,not_checked,,,,,,,,,,,,,,,,,partial,contract_code_observed|erc4337_not_checked|safe_not_checked,legacy_code_snapshot,,25512299,account-evidence-v1,2026-07-11T22:16:06.660478+00:00
1,0x000000adf684e05b0e33f8724fff2e9ce8cc6248,contract,contract_code,10095,25512299,2026-07-11T22:16:06.660478+00:00,,,not_checked,,,,,,,,,,,,,,,,,partial,contract_code_observed|erc4337_not_checked|safe_not_checked,legacy_code_snapshot,,25512299,account-evidence-v1,2026-07-11T22:16:06.660478+00:00
1,0x0003590d5a65a27163b23eb0721235c40f2b49b4,contract,contract_code,11293,25512299,2026-07-11T22:16:06.660478+00:00,,,not_checked,,,,,,,,,,,,,,,,,partial,contract_code_observed|erc4337_not_checked|safe_not_checked,legacy_code_snapshot,,25512299,account-evidence-v1,2026-07-11T22:16:06.660478+00:00
1,0x000759119ceaba5dc3d41c8a003c743f99f99847,eoa_candidate,no_code,0,25512299,2026-07-11T22:16:06.660478+00:00,,,not_checked,,,,,,,,,,,,,,,,,partial,erc4337_not_checked|no_code_observed|safe_not_checked,legacy_code_snapshot,,25512299,account-evidence-v1,2026-07-11T22:16:06.660478+00:00
1,0x000df7fca71e4759a25a36aa7e448b031d16c79c,eoa_candidate,no_code,0,25512299,2026-07-11T22:16:06.660478+00:00,,,not_checked,,,,,,,,,,,,,,,,,partial,erc4337_not_checked|no_code_observed|safe_not_checked,legacy_code_snapshot,,25512299,account-evidence-v1,2026-07-11T22:16:06.660478+00:00
1,0x006200fb630000bb009b0083ae13fada00852a89,eoa_candidate,no_code,0,25512299,2026-07-11T22:16:06.660478+00:00,,,not_checked,,,,,,,,,,,,,,,,,partial,erc4337_not_checked|no_code_observed|safe_not_checked,legacy_code_snapshot,,25512299,account-evidence-v1,2026-07-11T22:16:06.660478+00:00
1,0x007933790a4f00000099e9001629d9fe7775b800,eoa_candidate,no_code,0,25512299,2026-07-11T22:16:06.660478+00:00,,,not_checked,,,,,,,,,,,,,,,,,partial,erc4337_not_checked|no_code_observed|safe_not_checked,legacy_code_snapshot,,25512299,account-evidence-v1,2026-07-11T22:16:06.660478+00:00
1,0x00bdf5d090009ee29d21ea5d81706f8b8fd22fb1,eoa_candidate,no_code,0,25512299,2026-07-11T22:16:06.660478+00:00,,,not_checked,,,,,,,,,,,,,,,,,partial,erc4337_not_checked|no_code_observed|safe_not_checked,legacy_code_snapshot,,25512299,account-evidence-v1,2026-07-11T22:16:06.660478+00:00
1,0x01105d189a0f2da6942b99e05838c3b3243fc128,eoa_candidate,no_code,0,25512299,2026-07-11T22:16:06.660478+00:00,,,not_checked,,,,,,,,,,,,,,,,,partial,erc4337_not_checked|no_code_observed|safe_not_checked,legacy_code_snapshot,,25512299,account-evidence-v1,2026-07-11T22:16:06.660478+00:00
1,0x0178aa713ade025260e130d94ef189e4ad6f68e3,contract,contract_code,11293,25512299,2026-07-11T22:16:06.660478+00:00,,,not_checked,,,,,,,,,,,,,,,,,partial,contract_code_observed|erc4337_not_checked|safe_not_checked,legacy_code_snapshot,,25512299,account-evidence-v1,2026-07-11T22:16:06.660478+00:00
1,0x01df8f3ad983a10a168c145f06d4c66d5acc559d,contract,contract_code,11293,25512299,2026-07-11T22:16:06.660478+00:00,,,not_checked,,,,,,,,,,,,,,,,,partial,contract_code_observed|erc4337_not_checked|safe_not_checked,legacy_code_snapshot,,25512299,account-evidence-v1,2026-07-11T22:16:06.660478+00:00
1,0x02661d53f8e411e3033c130967a703ebfe6f95c8,contract,contract_code,11293,25512299,2026-07-11T22:16:06.660478+00:00,,,not_checked,,,,,,,,,,,,,,,,,partial,contract_code_observed|erc4337_not_checked|safe_not_checked,legacy_code_snapshot,,25512299,account-evidence-v1,2026-07-11T22:16:06.660478+00:00
1,0x029e87052e18a259367557e1ff32880951cc7d29,contract,contract_code,11293,25512299,2026-07-11T22:16:06.660478+00:00,,,not_checked,,,,,,,,,,,,,,,,,partial,contract_code_observed|erc4337_not_checked|safe_not_checked,legacy_code_snapshot,,25512299,account-evidence-v1,2026-07-11T22:16:06.660478+00:00
1,0x033b6c45ac083a2470b4ce05e56c1d9b79f313be,eoa_candidate,no_code,0,25512299,2026-07-11T22:16:06.660478+00:00,,,not_checked,,,,,,,,,,,,,,,,,partial,erc4337_not_checked|no_code_observed|safe_not_checked,legacy_code_snapshot,,25512299,account-evidence-v1,2026-07-11T22:16:06.660478+00:00
1,0x042d620a224663e37110b44ad12adcf7459bdacf,eoa_candidate,no_code,0,25512299,2026-07-11T22:16:06.660478+00:00,,,not_checked,,,,,,,,,,,,,,,,,partial,erc4337_not_checked|no_code_observed|safe_not_checked,legacy_code_snapshot,,25512299,account-evidence-v1,2026-07-11T22:16:06.660478+00:00
1,0x0464868a0fb8034f37a94f3e2b1f8d121ccd994c,eoa_candidate,no_code,0,25512299,2026-07-11T22:16:06.660478+00:00,,,not_checked,,,,,,,,,,,,,,,,,partial,erc4337_not_checked|no_code_observed|safe_not_checked,legacy_code_snapshot,,25512299,account-evidence-v1,2026-07-11T22:16:06.660478+00:00
1,0x04a7141a8a114d46e20266018dac8dbd24fbcc5c,contract,contract_code,11293,25512299,2026-07-11T22:16:06.660478+00:00,,,not_checked,,,,,,,,,,,,,,,,,partial,contract_code_observed|erc4337_not_checked|safe_not_checked,legacy_code_snapshot,,25512299,account-evidence-v1,2026-07-11T22:16:06.660478+00:00
1,0x04b2b0aa898668d85e23ea746a41abd8a8c563bb,contract,contract_code,11293,25512299,2026-07-11T22:16:06.660478+00:00,,,not_checked,,,,,,,,,,,,,,,,,partial,contract_code_observed|erc4337_not_checked|safe_not_checked,legacy_code_snapshot,,25512299,account-evidence-v1,2026-07-11T22:16:06.660478+00:00
1,0x04bda42de3bc32abb00df46004204424d4cf8287,eoa_candidate,no_code,0,25512299,2026-07-11T22:16:06.660478+00:00,,,not_checked,,,,,,,,,,,,,,,,,partial,erc4337_not_checked|no_code_observed|safe_not_checked,legacy_code_snapshot,,25512299,account-evidence-v1,2026-07-11T22:16:06.660478+00:00
1,0x05062e20e69bde4afe5d47f48d5a3c144218cb96,eoa_candidate,no_code,0,25512299,2026-07-11T22:16:06.660478+00:00,,,not_checked,,,,,,,,,,,,,,,,,partial,erc4337_not_checked|no_code_observed|safe_not_checked,legacy_code_snapshot,,25512299,account-evidence-v1,2026-07-11T22:16:06.660478+00:00
1,0x0537f3aa68eaf2aefadd55f833322992ecf7ebe1,eoa_candidate,no_code,0,25512299,2026-07-11T22:16:06.660478+00:00,,,not_checked,,,,,,,,,,,,,,,,,partial,erc4337_not_checked|no_code_observed|safe_not_checked,legacy_code_snapshot,,25512299,account-evidence-v1,2026-07-11T22:16:06.660478+00:00
1,0x05bad5beb705f244d5bcf52d5f1c7c0c3b8ce1e1,eoa_candidate,no_code,0,25512299,2026-07-11T22:16:06.660478+00:00,,,not_checked,,,,,,,,,,,,,,,,,partial,erc4337_not_checked|no_code_observed|safe_not_checked,legacy_code_snapshot,,25512299,account-evidence-v1,2026-07-11T22:16:06.660478+00:00
1,0x05f8d1b932787fca473db34117beae3df96d7e77,contract,contract_code,11293,25512299,2026-07-11T22:16:06.660478+00:00,,,not_checked,,,,,,,,,,,,,,,,,partial,contract_code_observed|erc4337_not_checked|safe_not_checked,legacy_code_snapshot,,25512299,account-evidence-v1,2026-07-11T22:16:06.660478+00:00
1,0x069e1abd6ff7b233c9eef8ba1feef96385a26f6e,eoa_candidate,no_code,0,25512299,2026-07-11T22:16:06.660478+00:00,,,not_checked,,,,,,,,,,,,,,,,,partial,erc4337_not_checked|no_code_observed|safe_not_checked,legacy_code_snapshot,,25512299,account-evidence-v1,2026-07-11T22:16:06.660478+00:00
1,0x06c1da9ef16daf2423f87affc0cd67bc7b4eba58,eoa_candidate,no_code,0,25512299,2026-07-11T22:16:06.660478+00:00,,,not_checked,,,,,,,,,,,,,,,,,partial,erc4337_not_checked|no_code_observed|safe_not_checked,legacy_code_snapshot,,25512299,account-evidence-v1,2026-07-11T22:16:06.660478+00:00
1,0x0727ac9c0dd8828c24fa57cbd0e0468e38b1ced0,eoa_candidate,no_code,0,25512299,2026-07-11T22:16:06.660478+00:00,,,not_checked,,,,,,,,,,,,,,,,,partial,erc4337_not_checked|no_code_observed|safe_not_checked,legacy_code_snapshot,,25512299,account-evidence-v1,2026-07-11T22:16:06.660478+00:00
1,0x072edede53d08cd3261c6eadce0770e2a8cd5cd2,eoa_candidate,no_code,0,25512299,2026-07-11T22:16:06.660478+00:00,,,not_checked,,,,,,,,,,,,,,,,,partial,erc4337_not_checked|no_code_observed|safe_not_checked,legacy_code_snapshot,,25512299,account-evidence-v1,2026-07-11T22:16:06.660478+00:00
1,0x078271099ed5fe72c19e0145e2b57908c8fc3244,eoa_candidate,no_code,0,25512299,2026-07-11T22:16:06.660478+00:00,,,not_checked,,,,,,,,,,,,,,,,,partial,erc4337_not_checked|no_code_observed|safe_not_checked,legacy_code_snapshot,,25512299,account-evidence-v1,2026-07-11T22:16:06.660478+00:00
1,0x07aba9d083195f5f5e7fd52ddd595f6ab6b47599,contract,contract_code,11293,25512299,2026-07-11T22:16:06.660478+00:00,,,not_checked,,,,,,,,,,,,,,,,,partial,contract_code_observed|erc4337_not_checked|safe_not_checked,legacy_code_snapshot,,25512299,account-evidence-v1,2026-07-11T22:16:06.660478+00:00
1,0x0827476063f07e80aefd0bafb005cf0fe5edb6ad,eoa_candidate,no_code,0,25512299,2026-07-11T22:16:06.660478+00:00,,,not_checked,,,,,,,,,,,,,,,,,partial,erc4337_not_checked|no_code_observed|safe_not_checked,legacy_code_snapshot,,25512299,account-evidence-v1,2026-07-11T22:16:06.660478+00:00
1,0x089d496fe44686fefe81fe19bf38b77b01d5ddcb,contract,contract_code,11293,25512299,2026-07-11T22:16:06.660478+00:00,,,not_checked,,,,,,,,,,,,,,,,,partial,contract_code_observed|erc4337_not_checked|safe_not_checked,legacy_code_snapshot,,25512299,account-evidence-v1,2026-07-11T22:16:06.660478+00:00
1,0x08df019b31ab928a2847d493acd957e8f4398ebd,eoa_candidate,no_code,0,25512299,2026-07-11T22:16:06.660478+00:00,,,not_checked,,,,,,,,,,,,,,,,,partial,erc4337_not_checked|no_code_observed|safe_not_checked,legacy_code_snapshot,,25512299,account-evidence-v1,2026-07-11T22:16:06.660478+00:00
1,0x0968f7883b5391c7bb58ac27957e8516064c9399,eoa_candidate,no_code,0,25512299,2026-07-11T22:16:06.660478+00:00,,,not_checked,,,,,,,,,,,,,,,,,partial,erc4337_not_checked|no_code_observed|safe_not_checked,legacy_code_snapshot,,25512299,account-evidence-v1,2026-07-11T22:16:06.660478+00:00
1,0x09b9770be0e872b06e00b296112c6e735b7b4e9a,contract,contract_code,11293,25512299,2026-07-11T22:16:06.660478+00:00,,,not_checked,,,,,,,,,,,,,,,,,partial,contract_code_observed|erc4337_not_checked|safe_not_checked,legacy_code_snapshot,,25512299,account-evidence-v1,2026-07-11T22:16:06.660478+00:00
1,0x09c2901bb3e9d9bb43a5ae566c9eca324cc15073,eoa_candidate,no_code,0,25512299,2026-07-11T22:16:06.660478+00:00,,,not_checked,,,,,,,,,,,,,,,,,partial,erc4337_not_checked|no_code_observed|safe_not_checked,legacy_code_snapshot,,25512299,account-evidence-v1,2026-07-11T22:16:06.660478+00:00
1,0x09c40f32890805a99392819c02eb5860b71825c0,eoa_candidate,no_code,0,25512299,2026-07-11T22:16:06.660478+00:00,,,not_checked,,,,,,,,,,,,,,,,,partial,erc4337_not_checked|no_code_observed|safe_not_checked,legacy_code_snapshot,,25512299,account-evidence-v1,2026-07-11T22:16:06.660478+00:00
1,0x0a027075f08901426f839fe65cfbb19a89ea4d46,contract,contract_code,11293,25512299,2026-07-11T22:16:06.660478+00:00,,,not_checked,,,,,,,,,,,,,,,,,partial,contract_code_observed|erc4337_not_checked|safe_not_checked,legacy_code_snapshot,,25512299,account-evidence-v1,2026-07-11T22:16:06.660478+00:00
1,0x0abb59fad5c07cb87a95b264b07f9913b52707fd,eoa_candidate,no_code,0,25512299,2026-07-11T22:16:06.660478+00:00,,,not_checked,,,,,,,,,,,,,,,,,partial,erc4337_not_checked|no_code_observed|safe_not_checked,legacy_code_snapshot,,25512299,account-evidence-v1,2026-07-11T22:16:06.660478+00:00
1,0x0ae8721c362f50ae2e7f38416750bb021401306c,eoa_candidate,no_code,0,25512299,2026-07-11T22:16:06.660478+00:00,,,not_checked,,,,,,,,,,,,,,,,,partial,erc4337_not_checked|no_code_observed|safe_not_checked,legacy_code_snapshot,,25512299,account-evidence-v1,2026-07-11T22:16:06.660478+00:00
1,0x0b03aabe317e4a508048567272449e974e334930,eoa_candidate,no_code,0,25512299,2026-07-11T22:16:06.660478+00:00,,,not_checked,,,,,,,,,,,,,,,,,partial,erc4337_not_checked|no_code_observed|safe_not_checked,legacy_code_snapshot,,25512299,account-evidence-v1,2026-07-11T22:16:06.660478+00:00
1,0x0b2214983328cd18ea52fb68fb1884b922d0ec6b,contract,contract_code,11293,25512299,2026-07-11T22:16:06.660478+00:00,,,not_checked,,,,,,,,,,,,,,,,,partial,contract_code_observed|erc4337_not_checked|safe_not_checked,legacy_code_snapshot,,25512299,account-evidence-v1,2026-07-11T22:16:06.660478+00:00
1,0x0c469ec76cf556ee8328a6c9eb4399d586d84fd6,eoa_candidate,no_code,0,25512299,2026-07-11T22:16:06.660478+00:00,,,not_checked,,,,,,,,,,,,,,,,,partial,erc4337_not_checked|no_code_observed|safe_not_checked,legacy_code_snapshot,,25512299,account-evidence-v1,2026-07-11T22:16:06.660478+00:00
1,0x0cb88df730452c76dd75d45e8055e0efdd30afe6,eoa_candidate,no_code,0,25512299,2026-07-11T22:16:06.660478+00:00,,,not_checked,,,,,,,,,,,,,,,,,partial,erc4337_not_checked|no_code_observed|safe_not_checked,legacy_code_snapshot,,25512299,account-evidence-v1,2026-07-11T22:16:06.660478+00:00
1,0x0cf3cfb3d4419ebd9a99eb62635788b6b8bee1e9,eoa_candidate,no_code,0,25512299,2026-07-11T22:16:06.660478+00:00,,,not_checked,,,,,,,,,,,,,,,,,partial,erc4337_not_checked|no_code_observed|safe_not_checked,legacy_code_snapshot,,25512299,account-evidence-v1,2026-07-11T22:16:06.660478+00:00
1,0x0d0707963952f2fba59dd06f2b425ace40b492fe,eoa_candidate,no_code,0,25512299,2026-07-11T22:16:06.660478+00:00,,,not_checked,,,,,,,,,,,,,,,,,partial,erc4337_not_checked|no_code_observed|safe_not_checked,legacy_code_snapshot,,25512299,account-evidence-v1,2026-07-11T22:16:06.660478+00:00
1,0x0d26cb8ae86858f647c19ee460998a3123e17950,eoa_candidate,no_code,0,25512299,2026-07-11T22:16:06.660478+00:00,,,not_checked,,,,,,,,,,,,,,,,,partial,erc4337_not_checked|no_code_observed|safe_not_checked,legacy_code_snapshot,,25512299,account-evidence-v1,2026-07-11T22:16:06.660478+00:00
1,0x0de80febfc58a290e5f4ef5e4e1008f4c43dee4c,contract,contract_code,11293,25512299,2026-07-11T22:16:06.660478+00:00,,,not_checked,,,,,,,,,,,,,,,,,partial,contract_code_observed|erc4337_not_checked|safe_not_checked,legacy_code_snapshot,,25512299,account-evidence-v1,2026-07-11T22:16:06.660478+00:00
1,0x0e33381061c5a56096b50b62755418d80411ef0c,eoa_candidate,no_code,0,25512299,2026-07-11T22:16:06.660478+00:00,,,not_checked,,,,,,,,,,,,,,,,,partial,erc4337_not_checked|no_code_observed|safe_not_checked,legacy_code_snapshot,,25512299,account-evidence-v1,2026-07-11T22:16:06.660478+00:00
1,0x0e5ae8fa67a3562f33ece6861fa1e8f05fa280f0,contract,contract_code,11293,25512299,2026-07-11T22:16:06.660478+00:00,,,not_checked,,,,,,,,,,,,,,,,,partial,contract_code_observed|erc4337_not_checked|safe_not_checked,legacy_code_snapshot,,25512299,account-evidence-v1,2026-07-11T22:16:06.660478+00:00
1,0x0e869a01b4cd302a07d37171f19ce7f60a11dd34,eoa_candidate,no_code,0,25512299,2026-07-11T22:16:06.660478+00:00,,,not_checked,,,,,,,,,,,,,,,,,partial,erc4337_not_checked|no_code_observed|safe_not_checked,legacy_code_snapshot,,25512299,account-evidence-v1,2026-07-11T22:16:06.660478+00:00
1,0x0e9403033f542c095914b0c55bcaa8a7bd6b60c0,eoa_candidate,no_code,0,25512299,2026-07-11T22:16:06.660478+00:00,,,not_checked,,,,,,,,,,,,,,,,,partial,erc4337_not_checked|no_code_observed|safe_not_checked,legacy_code_snapshot,,25512299,account-evidence-v1,2026-07-11T22:16:06.660478+00:00
1,0x0ecaf0b8644ad266edddd0074ac437c73e2f2296,eoa_candidate,no_code,0,25512299,2026-07-11T22:16:06.660478+00:00,,,not_checked,,,,,,,,,,,,,,,,,partial,erc4337_not_checked|no_code_observed|safe_not_checked,legacy_code_snapshot,,25512299,account-evidence-v1,2026-07-11T22:16:06.660478+00:00
1,0x0ed6caca55d03e002f07db5e8eb6d34ccbe46ab8,contract,contract_code,11293,25512299,2026-07-11T22:16:06.660478+00:00,,,not_checked,,,,,,,,,,,,,,,,,partial,contract_code_observed|erc4337_not_checked|safe_not_checked,legacy_code_snapshot,,25512299,account-evidence-v1,2026-07-11T22:16:06.660478+00:00
1,0x0f951b568dc8591ae99b724056170611c0cb9ca5,eoa_candidate,no_code,0,25512299,2026-07-11T22:16:06.660478+00:00,,,not_checked,,,,,,,,,,,,,,,,,partial,erc4337_not_checked|no_code_observed|safe_not_checked,legacy_code_snapshot,,25512299,account-evidence-v1,2026-07-11T22:16:06.660478+00:00
1,0x0fa359dc0ce335b8d4fe59f0af2f0742c11ce634,contract,contract_code,11293,25512299,2026-07-11T22:16:06.660478+00:00,,,not_checked,,,,,,,,,,,,,,,,,partial,contract_code_observed|erc4337_not_checked|safe_not_checked,legacy_code_snapshot,,25512299,account-evidence-v1,2026-07-11T22:16:06.660478+00:00
1,0x100ee93639b5bb81cf1fb694f3874cc336439bc6,eoa_candidate,no_code,0,25512299,2026-07-11T22:16:06.660478+00:00,,,not_checked,,,,,,,,,,,,,,,,,partial,erc4337_not_checked|no_code_observed|safe_not_checked,legacy_code_snapshot,,25512299,account-evidence-v1,2026-07-11T22:16:06.660478+00:00
1,0x10294ce11abe82a0f3cf5930e2e087b53f9f3a3e,contract,contract_code,11293,25512299,2026-07-11T22:16:06.660478+00:00,,,not_checked,,,,,,,,,,,,,,,,,partial,contract_code_observed|erc4337_not_checked|safe_not_checked,legacy_code_snapshot,,25512299,account-evidence-v1,2026-07-11T22:16:06.660478+00:00
1,0x102bbe5aa3ca4c51e760b38172f651ceb41554b5,contract,contract_code,11293,25512299,2026-07-11T22:16:06.660478+00:00,,,not_checked,,,,,,,,,,,,,,,,,partial,contract_code_observed|erc4337_not_checked|safe_not_checked,legacy_code_snapshot,,25512299,account-evidence-v1,2026-07-11T22:16:06.660478+00:00
1,0x10e81bd6fa98643e7a7cff440f7515c94afd8431,eoa_candidate,no_code,0,25512299,2026-07-11T22:16:06.660478+00:00,,,not_checked,,,,,,,,,,,,,,,,,partial,erc4337_not_checked|no_code_observed|safe_not_checked,legacy_code_snapshot,,25512299,account-evidence-v1,2026-07-11T22:16:06.660478+00:00
1,0x111111125421ca6dc452d289314280a0f8842a65,contract,contract_code,24294,25512299,2026-07-11T22:16:06.660478+00:00,,,not_checked,,,,,,,,,,,,,,,,,partial,contract_code_observed|erc4337_not_checked|safe_not_checked,legacy_code_snapshot,,25512299,account-evidence-v1,2026-07-11T22:16:06.660478+00:00
1,0x1111111254eeb25477b68fb85ed929f73a960582,contract,contract_code,22484,25512299,2026-07-11T22:16:06.660478+00:00,,,not_checked,,,,,,,,,,,,,,,,,partial,contract_code_observed|erc4337_not_checked|safe_not_checked,legacy_code_snapshot,,25512299,account-evidence-v1,2026-07-11T22:16:06.660478+00:00
1,0x1111111254fb6c44bac0bed2854e76f90643097d,contract,contract_code,21203,25512299,2026-07-11T22:16:06.660478+00:00,,,not_checked,,,,,,,,,,,,,,,,,partial,contract_code_observed|erc4337_not_checked|safe_not_checked,legacy_code_snapshot,,25512299,account-evidence-v1,2026-07-11T22:16:06.660478+00:00
1,0x111c721ef33a5aa3326ed6e3714d7977ca7da3ab,contract,contract_code,11293,25512299,2026-07-11T22:16:06.660478+00:00,,,not_checked,,,,,,,,,,,,,,,,,partial,contract_code_observed|erc4337_not_checked|safe_not_checked,legacy_code_snapshot,,25512299,account-evidence-v1,2026-07-11T22:16:06.660478+00:00
1,0x1134f2ad3a29b580cfca29cf6f39925317ee8cd5,eoa_candidate,no_code,0,25512299,2026-07-11T22:16:06.660478+00:00,,,not_checked,,,,,,,,,,,,,,,,,partial,erc4337_not_checked|no_code_observed|safe_not_checked,legacy_code_snapshot,,25512299,account-evidence-v1,2026-07-11T22:16:06.660478+00:00
1,0x1182e9633e5d27b56cbf95adf534a10060d1c1df,eoa_candidate,no_code,0,25512299,2026-07-11T22:16:06.660478+00:00,,,not_checked,,,,,,,,,,,,,,,,,partial,erc4337_not_checked|no_code_observed|safe_not_checked,legacy_code_snapshot,,25512299,account-evidence-v1,2026-07-11T22:16:06.660478+00:00
1,0x11dc00fb9dc83f6048e314bb5d8682ffd6c7eba1,eoa_candidate,no_code,0,25512299,2026-07-11T22:16:06.660478+00:00,,,not_checked,,,,,,,,,,,,,,,,,partial,erc4337_not_checked|no_code_observed|safe_not_checked,legacy_code_snapshot,,25512299,account-evidence-v1,2026-07-11T22:16:06.660478+00:00
1,0x120051a72966950b8ce12eb5496b5d1eeec1541b,eoa_candidate,no_code,0,25512299,2026-07-11T22:16:06.660478+00:00,,,not_checked,,,,,,,,,,,,,,,,,partial,erc4337_not_checked|no_code_observed|safe_not_checked,legacy_code_snapshot,,25512299,account-evidence-v1,2026-07-11T22:16:06.660478+00:00
1,0x12099b7b787d247cca2055bccaf00e6448084216,contract,contract_code,11293,25512299,2026-07-11T22:16:06.660478+00:00,,,not_checked,,,,,,,,,,,,,,,,,partial,contract_code_observed|erc4337_not_checked|safe_not_checked,legacy_code_snapshot,,25512299,account-evidence-v1,2026-07-11T22:16:06.660478+00:00
1,0x12169dd3b5e8531784bdea9705f830185e9e37c0,eoa_candidate,no_code,0,25512299,2026-07-11T22:16:06.660478+00:00,,,not_checked,,,,,,,,,,,,,,,,,partial,erc4337_not_checked|no_code_observed|safe_not_checked,legacy_code_snapshot,,25512299,account-evidence-v1,2026-07-11T22:16:06.660478+00:00
1,0x1231deb6f5749ef6ce6943a275a1d3e7486f4eae,contract,contract_code,5176,25512299,2026-07-11T22:16:06.660478+00:00,,,not_checked,,,,,,,,,,,,,,,,,partial,contract_code_observed|erc4337_not_checked|safe_not_checked,legacy_code_snapshot,,25512299,account-evidence-v1,2026-07-11T22:16:06.660478+00:00
1,0x12ee7715cc9a9928f85e9aa043293dbd8304bdc6,contract,contract_code,11293,25512299,2026-07-11T22:16:06.660478+00:00,,,not_checked,,,,,,,,,,,,,,,,,partial,contract_code_observed|erc4337_not_checked|safe_not_checked,legacy_code_snapshot,,25512299,account-evidence-v1,2026-07-11T22:16:06.660478+00:00
1,0x130e5d91e578bbdb981362d94a8ed3bbcbbc1eb3,eoa_candidate,no_code,0,25512299,2026-07-11T22:16:06.660478+00:00,,,not_checked,,,,,,,,,,,,,,,,,partial,erc4337_not_checked|no_code_observed|safe_not_checked,legacy_code_snapshot,,25512299,account-evidence-v1,2026-07-11T22:16:06.660478+00:00
1,0x13224d02780f13214b6f2b293c18f74e2ded2122,eoa_candidate,no_code,0,25512299,2026-07-11T22:16:06.660478+00:00,,,not_checked,,,,,,,,,,,,,,,,,partial,erc4337_not_checked|no_code_observed|safe_not_checked,legacy_code_snapshot,,25512299,account-evidence-v1,2026-07-11T22:16:06.660478+00:00
1,0x134e0f69586c7cea2ae1b6268002a50b9cdd75e2,eoa_candidate,no_code,0,25512299,2026-07-11T22:16:06.660478+00:00,,,not_checked,,,,,,,,,,,,,,,,,partial,erc4337_not_checked|no_code_observed|safe_not_checked,legacy_code_snapshot,,25512299,account-evidence-v1,2026-07-11T22:16:06.660478+00:00
1,0x1386739140aa0255f8c4765699b980b47e9f8b00,contract,contract_code,11293,25512299,2026-07-11T22:16:06.660478+00:00,,,not_checked,,,,,,,,,,,,,,,,,partial,contract_code_observed|erc4337_not_checked|safe_not_checked,legacy_code_snapshot,,25512299,account-evidence-v1,2026-07-11T22:16:06.660478+00:00
1,0x1412c0ceb6ba283ef85ad2a03dad3bfe8f9b2478,eoa_candidate,no_code,0,25512299,2026-07-11T22:16:06.660478+00:00,,,not_checked,,,,,,,,,,,,,,,,,partial,erc4337_not_checked|no_code_observed|safe_not_checked,legacy_code_snapshot,,25512299,account-evidence-v1,2026-07-11T22:16:06.660478+00:00
1,0x1449c43f95357a9cf05e1a48f6ba0accd745e7ba,contract,contract_code,23,25512299,2026-07-11T22:16:06.660478+00:00,,,not_checked,,,,,,,,,,,,,,,,,partial,contract_code_observed|erc4337_not_checked|safe_not_checked,legacy_code_snapshot,,25512299,account-evidence-v1,2026-07-11T22:16:06.660478+00:00
1,0x1587f2e85c83535b7444d3401c4b6df913a43fc1,contract,contract_code,11293,25512299,2026-07-11T22:16:06.660478+00:00,,,not_checked,,,,,,,,,,,,,,,,,partial,contract_code_observed|erc4337_not_checked|safe_not_checked,legacy_code_snapshot,,25512299,account-evidence-v1,2026-07-11T22:16:06.660478+00:00
1,0x159a91b81f9354ebaea91d523daef26f3ccce4e7,contract,contract_code,11293,25512299,2026-07-11T22:16:06.660478+00:00,,,not_checked,,,,,,,,,,,,,,,,,partial,contract_code_observed|erc4337_not_checked|safe_not_checked,legacy_code_snapshot,,25512299,account-evidence-v1,2026-07-11T22:16:06.660478+00:00
1,0x15a083bc5c4b49c642c7de70a6757f9f080a570f,eoa_candidate,no_code,0,25512299,2026-07-11T22:16:06.660478+00:00,,,not_checked,,,,,,,,,,,,,,,,,partial,erc4337_not_checked|no_code_observed|safe_not_checked,legacy_code_snapshot,,25512299,account-evidence-v1,2026-07-11T22:16:06.660478+00:00
1,0x15b7031491548963581ba5979a8792f012b6fc12,eoa_candidate,no_code,0,25512299,2026-07-11T22:16:06.660478+00:00,,,not_checked,,,,,,,,,,,,,,,,,partial,erc4337_not_checked|no_code_observed|safe_not_checked,legacy_code_snapshot,,25512299,account-evidence-v1,2026-07-11T22:16:06.660478+00:00
1,0x16705d64a4f21c0ba922a2f4c8ffec53ab211090,contract,contract_code,11293,25512299,2026-07-11T22:16:06.660478+00:00,,,not_checked,,,,,,,,,,,,,,,,,partial,contract_code_observed|erc4337_not_checked|safe_not_checked,legacy_code_snapshot,,25512299,account-evidence-v1,2026-07-11T22:16:06.660478+00:00
1,0x16b24722cdd499de13416fd4476a5551f6ee6b26,eoa_candidate,no_code,0,25512299,2026-07-11T22:16:06.660478+00:00,,,not_checked,,,,,,,,,,,,,,,,,partial,erc4337_not_checked|no_code_observed|safe_not_checked,legacy_code_snapshot,,25512299,account-evidence-v1,2026-07-11T22:16:06.660478+00:00
1,0x16ccb541dc7859effb879258ad67e7ea42caf7ef,eoa_candidate,no_code,0,25512299,2026-07-11T22:16:06.660478+00:00,,,not_checked,,,,,,,,,,,,,,,,,partial,erc4337_not_checked|no_code_observed|safe_not_checked,legacy_code_snapshot,,25512299,account-evidence-v1,2026-07-11T22:16:06.660478+00:00
1,0x174fcd300b4430a89c8c1f264cede134597efaf1,eoa_candidate,no_code,0,25512299,2026-07-11T22:16:06.660478+00:00,,,not_checked,,,,,,,,,,,,,,,,,partial,erc4337_not_checked|no_code_observed|safe_not_checked,legacy_code_snapshot,,25512299,account-evidence-v1,2026-07-11T22:16:06.660478+00:00
1,0x17979d2814300de7b2eb3216e2b6ff58f3d54778,eoa_candidate,no_code,0,25512299,2026-07-11T22:16:06.660478+00:00,,,not_checked,,,,,,,,,,,,,,,,,partial,erc4337_not_checked|no_code_observed|safe_not_checked,legacy_code_snapshot,,25512299,account-evidence-v1,2026-07-11T22:16:06.660478+00:00
1,0x179b411fe09c603950489330d4aa084e0744ebc7,eoa_candidate,no_code,0,25512299,2026-07-11T22:16:06.660478+00:00,,,not_checked,,,,,,,,,,,,,,,,,partial,erc4337_not_checked|no_code_observed|safe_not_checked,legacy_code_snapshot,,25512299,account-evidence-v1,2026-07-11T22:16:06.660478+00:00
1,0x17d39c16b7ab27c471962b32761aeaa91ea99d8a,eoa_candidate,no_code,0,25512299,2026-07-11T22:16:06.660478+00:00,,,not_checked,,,,,,,,,,,,,,,,,partial,erc4337_not_checked|no_code_observed|safe_not_checked,legacy_code_snapshot,,25512299,account-evidence-v1,2026-07-11T22:16:06.660478+00:00
1,0x181009781aa168c991d41e72f59c0cdd7683f10e,eoa_candidate,no_code,0,25512299,2026-07-11T22:16:06.660478+00:00,,,not_checked,,,,,,,,,,,,,,,,,partial,erc4337_not_checked|no_code_observed|safe_not_checked,legacy_code_snapshot,,25512299,account-evidence-v1,2026-07-11T22:16:06.660478+00:00
1,0x18415c6ac1a1d6dff8ce455342d74ceafd28031b,contract,contract_code,11293,25512299,2026-07-11T22:16:06.660478+00:00,,,not_checked,,,,,,,,,,,,,,,,,partial,contract_code_observed|erc4337_not_checked|safe_not_checked,legacy_code_snapshot,,25512299,account-evidence-v1,2026-07-11T22:16:06.660478+00:00
1,0x184c4f086ed057b95d994e4b0b7ff02519e9306a,eoa_candidate,no_code,0,25512299,2026-07-11T22:16:06.660478+00:00,,,not_checked,,,,,,,,,,,,,,,,,partial,erc4337_not_checked|no_code_observed|safe_not_checked,legacy_code_snapshot,,25512299,account-evidence-v1,2026-07-11T22:16:06.660478+00:00
1,0x189386ccb479436377a21c364a3b06ed4828e296,contract,contract_code,11293,25512299,2026-07-11T22:16:06.660478+00:00,,,not_checked,,,,,,,,,,,,,,,,,partial,contract_code_observed|erc4337_not_checked|safe_not_checked,legacy_code_snapshot,,25512299,account-evidence-v1,2026-07-11T22:16:06.660478+00:00
1,0x189bd808ba7284a4e875886330587021ea188663,eoa_candidate,no_code,0,25512299,2026-07-11T22:16:06.660478+00:00,,,not_checked,,,,,,,,,,,,,,,,,partial,erc4337_not_checked|no_code_observed|safe_not_checked,legacy_code_snapshot,,25512299,account-evidence-v1,2026-07-11T22:16:06.660478+00:00
1,0x1912c85b56a830aec179fc66182c084d6c7cad06,eoa_candidate,no_code,0,25512299,2026-07-11T22:16:06.660478+00:00,,,not_checked,,,,,,,,,,,,,,,,,partial,erc4337_not_checked|no_code_observed|safe_not_checked,legacy_code_snapshot,,25512299,account-evidence-v1,2026-07-11T22:16:06.660478+00:00
1,0x1919cfbe3ff0bdb788723511bed52ae94452f137,contract,contract_code,11293,25512299,2026-07-11T22:16:06.660478+00:00,,,not_checked,,,,,,,,,,,,,,,,,partial,contract_code_observed|erc4337_not_checked|safe_not_checked,legacy_code_snapshot,,25512299,account-evidence-v1,2026-07-11T22:16:06.660478+00:00
1,0x19594936855ee82d464a1b068942183364652382,eoa_candidate,no_code,0,25512299,2026-07-11T22:16:06.660478+00:00,,,not_checked,,,,,,,,,,,,,,,,,partial,erc4337_not_checked|no_code_observed|safe_not_checked,legacy_code_snapshot,,25512299,account-evidence-v1,2026-07-11T22:16:06.660478+00:00
1,0x19c879713977b69b040a2f1fc4d03150a704b6e9,contract,contract_code,11293,25512299,2026-07-11T22:16:06.660478+00:00,,,not_checked,,,,,,,,,,,,,,,,,partial,contract_code_observed|erc4337_not_checked|safe_not_checked,legacy_code_snapshot,,25512299,account-evidence-v1,2026-07-11T22:16:06.660478+00:00
1,0x19e2aeb0325ba506ebf86a9301f52c4f2a8b7fec,eoa_candidate,no_code,0,25512299,2026-07-11T22:16:06.660478+00:00,,,not_checked,,,,,,,,,,,,,,,,,partial,erc4337_not_checked|no_code_observed|safe_not_checked,legacy_code_snapshot,,25512299,account-evidence-v1,2026-07-11T22:16:06.660478+00:00
1,0x1a4de8ea4c2ff92386714d6bf6b6102a78a1079a,eoa_candidate,no_code,0,25512299,2026-07-11T22:16:06.660478+00:00,,,not_checked,,,,,,,,,,,,,,,,,partial,erc4337_not_checked|no_code_observed|safe_not_checked,legacy_code_snapshot,,25512299,account-evidence-v1,2026-07-11T22:16:06.660478+00:00
1,0x1a6a68de352e552a6d01f6e2ae989cc05633c465,contract,contract_code,11293,25512299,2026-07-11T22:16:06.660478+00:00,,,not_checked,,,,,,,,,,,,,,,,,partial,contract_code_observed|erc4337_not_checked|safe_not_checked,legacy_code_snapshot,,25512299,account-evidence-v1,2026-07-11T22:16:06.660478+00:00
1,0x1a9d735d518d529c7d1b4854e00d6a62288a922a,eoa_candidate,no_code,0,25512299,2026-07-11T22:16:06.660478+00:00,,,not_checked,,,,,,,,,,,,,,,,,partial,erc4337_not_checked|no_code_observed|safe_not_checked,legacy_code_snapshot,,25512299,account-evidence-v1,2026-07-11T22:16:06.660478+00:00
1,0x1b4047a504bf963d28333f45876a18a620139c9d,contract,contract_code,11293,25512299,2026-07-11T22:16:06.660478+00:00,,,not_checked,,,,,,,,,,,,,,,,,partial,contract_code_observed|erc4337_not_checked|safe_not_checked,legacy_code_snapshot,,25512299,account-evidence-v1,2026-07-11T22:16:06.660478+00:00
1,0x1be1026e82a2b2c8133f78f8b84a91d22ae791f9,contract,contract_code,23,25512299,2026-07-11T22:16:06.660478+00:00,,,not_checked,,,,,,,,,,,,,,,,,partial,contract_code_observed|erc4337_not_checked|safe_not_checked,legacy_code_snapshot,,25512299,account-evidence-v1,2026-07-11T22:16:06.660478+00:00
1,0x1c93caae8d1810ef7ed21796303ce7959d292b15,eoa_candidate,no_code,0,25512299,2026-07-11T22:16:06.660478+00:00,,,not_checked,,,,,,,,,,,,,,,,,partial,erc4337_not_checked|no_code_observed|safe_not_checked,legacy_code_snapshot,,25512299,account-evidence-v1,2026-07-11T22:16:06.660478+00:00
1,0x1cbdaf45966fbdbfce53470663738d6331e425d1,contract,contract_code,11293,25512299,2026-07-11T22:16:06.660478+00:00,,,not_checked,,,,,,,,,,,,,,,,,partial,contract_code_observed|erc4337_not_checked|safe_not_checked,legacy_code_snapshot,,25512299,account-evidence-v1,2026-07-11T22:16:06.660478+00:00
1,0x1cc2efe09bd24b53a8997fab85bb3845a0d0a9e1,eoa_candidate,no_code,0,25512299,2026-07-11T22:16:06.660478+00:00,,,not_checked,,,,,,,,,,,,,,,,,partial,erc4337_not_checked|no_code_observed|safe_not_checked,legacy_code_snapshot,,25512299,account-evidence-v1,2026-07-11T22:16:06.660478+00:00
1,0x1d380cf4055709753e245b2a2f433eb83253fd65,eoa_candidate,no_code,0,25512299,2026-07-11T22:16:06.660478+00:00,,,not_checked,,,,,,,,,,,,,,,,,partial,erc4337_not_checked|no_code_observed|safe_not_checked,legacy_code_snapshot,,25512299,account-evidence-v1,2026-07-11T22:16:06.660478+00:00
1,0x1d9b521c3c504dd7c3fb6ce906cd22830e3819e2,eoa_candidate,no_code,0,25512299,2026-07-11T22:16:06.660478+00:00,,,not_checked,,,,,,,,,,,,,,,,,partial,erc4337_not_checked|no_code_observed|safe_not_checked,legacy_code_snapshot,,25512299,account-evidence-v1,2026-07-11T22:16:06.660478+00:00
1,0x1daf140f8c171e03a336c4757c693043b4dea3df,contract,contract_code,11293,25512299,2026-07-11T22:16:06.660478+00:00,,,not_checked,,,,,,,,,,,,,,,,,partial,contract_code_observed|erc4337_not_checked|safe_not_checked,legacy_code_snapshot,,25512299,account-evidence-v1,2026-07-11T22:16:06.660478+00:00
1,0x1db3439a222c519ab44bb1144fc28167b4fa6ee6,contract,contract_code,23,25512299,2026-07-11T22:16:06.660478+00:00,,,not_checked,,,,,,,,,,,,,,,,,partial,contract_code_observed|erc4337_not_checked|safe_not_checked,legacy_code_snapshot,,25512299,account-evidence-v1,2026-07-11T22:16:06.660478+00:00
1,0x1efc73a2ce8c1537a72dbabe56f260ca0371a5c5,eoa_candidate,no_code,0,25512299,2026-07-11T22:16:06.660478+00:00,,,not_checked,,,,,,,,,,,,,,,,,partial,erc4337_not_checked|no_code_observed|safe_not_checked,legacy_code_snapshot,,25512299,account-evidence-v1,2026-07-11T22:16:06.660478+00:00
1,0x1f2f10d1c40777ae1da742455c65828ff36df387,contract,contract_code,13835,25512299,2026-07-11T22:16:06.660478+00:00,,,not_checked,,,,,,,,,,,,,,,,,partial,contract_code_observed|erc4337_not_checked|safe_not_checked,legacy_code_snapshot,,25512299,account-evidence-v1,2026-07-11T22:16:06.660478+00:00
1,0x20a1fa6a50b8536f4f4795a4f99fac6549718dba,contract,contract_code,11293,25512299,2026-07-11T22:16:06.660478+00:00,,,not_checked,,,,,,,,,,,,,,,,,partial,contract_code_observed|erc4337_not_checked|safe_not_checked,legacy_code_snapshot,,25512299,account-evidence-v1,2026-07-11T22:16:06.660478+00:00
1,0x20ac4ed3fc91ab0403f3dbfab70acc2d4a390948,contract,contract_code,11293,25512299,2026-07-11T22:16:06.660478+00:00,,,not_checked,,,,,,,,,,,,,,,,,partial,contract_code_observed|erc4337_not_checked|safe_not_checked,legacy_code_snapshot,,25512299,account-evidence-v1,2026-07-11T22:16:06.660478+00:00
1,0x20de8aa249e11c48947df5adae320c0cdbf4d921,eoa_candidate,no_code,0,25512299,2026-07-11T22:16:06.660478+00:00,,,not_checked,,,,,,,,,,,,,,,,,partial,erc4337_not_checked|no_code_observed|safe_not_checked,legacy_code_snapshot,,25512299,account-evidence-v1,2026-07-11T22:16:06.660478+00:00
1,0x20fc2f6fdd3a138adb6b5071bf657b46bef96cd0,eoa_candidate,no_code,0,25512299,2026-07-11T22:16:06.660478+00:00,,,not_checked,,,,,,,,,,,,,,,,,partial,erc4337_not_checked|no_code_observed|safe_not_checked,legacy_code_snapshot,,25512299,account-evidence-v1,2026-07-11T22:16:06.660478+00:00
1,0x213a12677bd09cd2a79c0dca5602c25f24dde258,eoa_candidate,no_code,0,25512299,2026-07-11T22:16:06.660478+00:00,,,not_checked,,,,,,,,,,,,,,,,,partial,erc4337_not_checked|no_code_observed|safe_not_checked,legacy_code_snapshot,,25512299,account-evidence-v1,2026-07-11T22:16:06.660478+00:00
1,0x2161a9a65cfc8bb9371b67c730118e904f3ef0dc,eoa_candidate,no_code,0,25512299,2026-07-11T22:16:06.660478+00:00,,,not_checked,,,,,,,,,,,,,,,,,partial,erc4337_not_checked|no_code_observed|safe_not_checked,legacy_code_snapshot,,25512299,account-evidence-v1,2026-07-11T22:16:06.660478+00:00
1,0x2181721c2a8470302d42ed95b5afd4ad3d503888,contract,contract_code,11293,25512299,2026-07-11T22:16:06.660478+00:00,,,not_checked,,,,,,,,,,,,,,,,,partial,contract_code_observed|erc4337_not_checked|safe_not_checked,legacy_code_snapshot,,25512299,account-evidence-v1,2026-07-11T22:16:06.660478+00:00
1,0x21925a98237a32b4916d8ba7872cd1ed23d66b0c,contract,contract_code,11293,25512299,2026-07-11T22:16:06.660478+00:00,,,not_checked,,,,,,,,,,,,,,,,,partial,contract_code_observed|erc4337_not_checked|safe_not_checked,legacy_code_snapshot,,25512299,account-evidence-v1,2026-07-11T22:16:06.660478+00:00
1,0x21a21bde842cd4a417f19ebe30d4b859d5dd93af,eoa_candidate,no_code,0,25512299,2026-07-11T22:16:06.660478+00:00,,,not_checked,,,,,,,,,,,,,,,,,partial,erc4337_not_checked|no_code_observed|safe_not_checked,legacy_code_snapshot,,25512299,account-evidence-v1,2026-07-11T22:16:06.660478+00:00
1,0x220808166d8268d8f14ce310ebc833d80a900844,eoa_candidate,no_code,0,25512299,2026-07-11T22:16:06.660478+00:00,,,not_checked,,,,,,,,,,,,,,,,,partial,erc4337_not_checked|no_code_observed|safe_not_checked,legacy_code_snapshot,,25512299,account-evidence-v1,2026-07-11T22:16:06.660478+00:00
1,0x22122d794a100576cf737aa22611c92858da8c43,contract,contract_code,11293,25512299,2026-07-11T22:16:06.660478+00:00,,,not_checked,,,,,,,,,,,,,,,,,partial,contract_code_observed|erc4337_not_checked|safe_not_checked,legacy_code_snapshot,,25512299,account-evidence-v1,2026-07-11T22:16:06.660478+00:00
1,0x22220682eb7014ad3418707c8e4b3ad3ead655c1,eoa_candidate,no_code,0,25512299,2026-07-11T22:16:06.660478+00:00,,,not_checked,,,,,,,,,,,,,,,,,partial,erc4337_not_checked|no_code_observed|safe_not_checked,legacy_code_snapshot,,25512299,account-evidence-v1,2026-07-11T22:16:06.660478+00:00
1,0x22a73e12354bf36d79061f98c0159be78027073d,eoa_candidate,no_code,0,25512299,2026-07-11T22:16:06.660478+00:00,,,not_checked,,,,,,,,,,,,,,,,,partial,erc4337_not_checked|no_code_observed|safe_not_checked,legacy_code_snapshot,,25512299,account-evidence-v1,2026-07-11T22:16:06.660478+00:00
1,0x23513d65b2196de3558b920c25ac42768ca94ea4,eoa_candidate,no_code,0,25512299,2026-07-11T22:16:06.660478+00:00,,,not_checked,,,,,,,,,,,,,,,,,partial,erc4337_not_checked|no_code_observed|safe_not_checked,legacy_code_snapshot,,25512299,account-evidence-v1,2026-07-11T22:16:06.660478+00:00
1,0x23cdd4280cc09d67127bace5b293a32819317c2d,eoa_candidate,no_code,0,25512299,2026-07-11T22:16:06.660478+00:00,,,not_checked,,,,,,,,,,,,,,,,,partial,erc4337_not_checked|no_code_observed|safe_not_checked,legacy_code_snapshot,,25512299,account-evidence-v1,2026-07-11T22:16:06.660478+00:00
1,0x242510fe96a4fa2d4ac7de68cd41944cd71d4099,eoa_candidate,no_code,0,25512299,2026-07-11T22:16:06.660478+00:00,,,not_checked,,,,,,,,,,,,,,,,,partial,erc4337_not_checked|no_code_observed|safe_not_checked,legacy_code_snapshot,,25512299,account-evidence-v1,2026-07-11T22:16:06.660478+00:00
1,0x242de469e006f86e7b1036c35adf7cf3e0652238,eoa_candidate,no_code,0,25512299,2026-07-11T22:16:06.660478+00:00,,,not_checked,,,,,,,,,,,,,,,,,partial,erc4337_not_checked|no_code_observed|safe_not_checked,legacy_code_snapshot,,25512299,account-evidence-v1,2026-07-11T22:16:06.660478+00:00
1,0x24839f510e03e501db19bbedeab100d9352873fd,eoa_candidate,no_code,0,25512299,2026-07-11T22:16:06.660478+00:00,,,not_checked,,,,,,,,,,,,,,,,,partial,erc4337_not_checked|no_code_observed|safe_not_checked,legacy_code_snapshot,,25512299,account-evidence-v1,2026-07-11T22:16:06.660478+00:00
1,0x24e3d117a575b3b1d8e6be9c5327dc71538f9e41,contract,contract_code,11293,25512299,2026-07-11T22:16:06.660478+00:00,,,not_checked,,,,,,,,,,,,,,,,,partial,contract_code_observed|erc4337_not_checked|safe_not_checked,legacy_code_snapshot,,25512299,account-evidence-v1,2026-07-11T22:16:06.660478+00:00
1,0x252198329ff5bfd2136c73974c4eb739c830988c,eoa_candidate,no_code,0,25512299,2026-07-11T22:16:06.660478+00:00,,,not_checked,,,,,,,,,,,,,,,,,partial,erc4337_not_checked|no_code_observed|safe_not_checked,legacy_code_snapshot,,25512299,account-evidence-v1,2026-07-11T22:16:06.660478+00:00
1,0x2557f8ec7a228d59e822b4ef5da50e0dbe2107be,contract,contract_code,11293,25512299,2026-07-11T22:16:06.660478+00:00,,,not_checked,,,,,,,,,,,,,,,,,partial,contract_code_observed|erc4337_not_checked|safe_not_checked,legacy_code_snapshot,,25512299,account-evidence-v1,2026-07-11T22:16:06.660478+00:00
1,0x256568c0f9079f5ae96add3d49517e6f13b7ea6c,eoa_candidate,no_code,0,25512299,2026-07-11T22:16:06.660478+00:00,,,not_checked,,,,,,,,,,,,,,,,,partial,erc4337_not_checked|no_code_observed|safe_not_checked,legacy_code_snapshot,,25512299,account-evidence-v1,2026-07-11T22:16:06.660478+00:00
1,0x2599ab57904c07c0cd9eeb5f1dde29b0896ec705,contract,contract_code,11293,25512299,2026-07-11T22:16:06.660478+00:00,,,not_checked,,,,,,,,,,,,,,,,,partial,contract_code_observed|erc4337_not_checked|safe_not_checked,legacy_code_snapshot,,25512299,account-evidence-v1,2026-07-11T22:16:06.660478+00:00
1,0x25a6cb91ceab877b71e929ac027dc277372db402,eoa_candidate,no_code,0,25512299,2026-07-11T22:16:06.660478+00:00,,,not_checked,,,,,,,,,,,,,,,,,partial,erc4337_not_checked|no_code_observed|safe_not_checked,legacy_code_snapshot,,25512299,account-evidence-v1,2026-07-11T22:16:06.660478+00:00
1,0x25aedfaa3d0b8765fb8eecf85cb49b722116164b,eoa_candidate,no_code,0,25512299,2026-07-11T22:16:06.660478+00:00,,,not_checked,,,,,,,,,,,,,,,,,partial,erc4337_not_checked|no_code_observed|safe_not_checked,legacy_code_snapshot,,25512299,account-evidence-v1,2026-07-11T22:16:06.660478+00:00
1,0x25d3563f8675028e36889453519d98e685ee1630,eoa_candidate,no_code,0,25512299,2026-07-11T22:16:06.660478+00:00,,,not_checked,,,,,,,,,,,,,,,,,partial,erc4337_not_checked|no_code_observed|safe_not_checked,legacy_code_snapshot,,25512299,account-evidence-v1,2026-07-11T22:16:06.660478+00:00
1,0x26116c3e591f8b35e4339e7e86fe6e4e99c66299,eoa_candidate,no_code,0,25512299,2026-07-11T22:16:06.660478+00:00,,,not_checked,,,,,,,,,,,,,,,,,partial,erc4337_not_checked|no_code_observed|safe_not_checked,legacy_code_snapshot,,25512299,account-evidence-v1,2026-07-11T22:16:06.660478+00:00
1,0x263516adff2b4f741f0c7f9aeb17dea353ba1975,eoa_candidate,no_code,0,25512299,2026-07-11T22:16:06.660478+00:00,,,not_checked,,,,,,,,,,,,,,,,,partial,erc4337_not_checked|no_code_observed|safe_not_checked,legacy_code_snapshot,,25512299,account-evidence-v1,2026-07-11T22:16:06.660478+00:00
1,0x26ead62aa512952bbd28ff0f0653d2cb0171015a,eoa_candidate,no_code,0,25512299,2026-07-11T22:16:06.660478+00:00,,,not_checked,,,,,,,,,,,,,,,,,partial,erc4337_not_checked|no_code_observed|safe_not_checked,legacy_code_snapshot,,25512299,account-evidence-v1,2026-07-11T22:16:06.660478+00:00
1,0x2713674948dfc8bd628debd63bf6f49393ff6e7a,eoa_candidate,no_code,0,25512299,2026-07-11T22:16:06.660478+00:00,,,not_checked,,,,,,,,,,,,,,,,,partial,erc4337_not_checked|no_code_observed|safe_not_checked,legacy_code_snapshot,,25512299,account-evidence-v1,2026-07-11T22:16:06.660478+00:00
1,0x28c6c06298d514db089934071355e5743bf21d60,eoa_candidate,no_code,0,25512299,2026-07-11T22:16:06.660478+00:00,,,not_checked,,,,,,,,,,,,,,,,,partial,erc4337_not_checked|no_code_observed|safe_not_checked,legacy_code_snapshot,,25512299,account-evidence-v1,2026-07-11T22:16:06.660478+00:00
1,0x28cf473edcebf94ed61af4e2ec4d64a75cad6406,eoa_candidate,no_code,0,25512299,2026-07-11T22:16:06.660478+00:00,,,not_checked,,,,,,,,,,,,,,,,,partial,erc4337_not_checked|no_code_observed|safe_not_checked,legacy_code_snapshot,,25512299,account-evidence-v1,2026-07-11T22:16:06.660478+00:00
1,0x290caa397e1e435fa2be0ae1706ca7797002632b,contract,contract_code,23,25512299,2026-07-11T22:16:06.660478+00:00,,,not_checked,,,,,,,,,,,,,,,,,partial,contract_code_observed|erc4337_not_checked|safe_not_checked,legacy_code_snapshot,,25512299,account-evidence-v1,2026-07-11T22:16:06.660478+00:00
1,0x29439556081195df49fbdbc26a1d1b6f127cbecd,contract,contract_code,11293,25512299,2026-07-11T22:16:06.660478+00:00,,,not_checked,,,,,,,,,,,,,,,,,partial,contract_code_observed|erc4337_not_checked|safe_not_checked,legacy_code_snapshot,,25512299,account-evidence-v1,2026-07-11T22:16:06.660478+00:00
1,0x296307a6f637040b83d97fc1977f20e4a83bd33f,eoa_candidate,no_code,0,25512299,2026-07-11T22:16:06.660478+00:00,,,not_checked,,,,,,,,,,,,,,,,,partial,erc4337_not_checked|no_code_observed|safe_not_checked,legacy_code_snapshot,,25512299,account-evidence-v1,2026-07-11T22:16:06.660478+00:00
1,0x29a386edaba6a752db8948c095fc7005b8eec8d1,eoa_candidate,no_code,0,25512299,2026-07-11T22:16:06.660478+00:00,,,not_checked,,,,,,,,,,,,,,,,,partial,erc4337_not_checked|no_code_observed|safe_not_checked,legacy_code_snapshot,,25512299,account-evidence-v1,2026-07-11T22:16:06.660478+00:00
1,0x29acf372359d036e1a711fe00e482d0743f09b4a,contract,contract_code,11293,25512299,2026-07-11T22:16:06.660478+00:00,,,not_checked,,,,,,,,,,,,,,,,,partial,contract_code_observed|erc4337_not_checked|safe_not_checked,legacy_code_snapshot,,25512299,account-evidence-v1,2026-07-11T22:16:06.660478+00:00
1,0x29b14d26ad0dcdc6c900e62eae9f3ceab770fbae,eoa_candidate,no_code,0,25512299,2026-07-11T22:16:06.660478+00:00,,,not_checked,,,,,,,,,,,,,,,,,partial,erc4337_not_checked|no_code_observed|safe_not_checked,legacy_code_snapshot,,25512299,account-evidence-v1,2026-07-11T22:16:06.660478+00:00
1,0x2a453c50b30b8661cea4304aa862bd8a8dfff93d,contract,contract_code,11293,25512299,2026-07-11T22:16:06.660478+00:00,,,not_checked,,,,,,,,,,,,,,,,,partial,contract_code_observed|erc4337_not_checked|safe_not_checked,legacy_code_snapshot,,25512299,account-evidence-v1,2026-07-11T22:16:06.660478+00:00
1,0x2b2f4cc57c960058c7bb3eccc31e111f3c7f0498,eoa_candidate,no_code,0,25512299,2026-07-11T22:16:06.660478+00:00,,,not_checked,,,,,,,,,,,,,,,,,partial,erc4337_not_checked|no_code_observed|safe_not_checked,legacy_code_snapshot,,25512299,account-evidence-v1,2026-07-11T22:16:06.660478+00:00
1,0x2baf79e7644d9c137aed480d515dc11fd5cf2b16,eoa_candidate,no_code,0,25512299,2026-07-11T22:16:06.660478+00:00,,,not_checked,,,,,,,,,,,,,,,,,partial,erc4337_not_checked|no_code_observed|safe_not_checked,legacy_code_snapshot,,25512299,account-evidence-v1,2026-07-11T22:16:06.660478+00:00
1,0x2bd7d10c00e24a3e3d2b15fb3435739bd15600d7,contract,contract_code,11293,25512299,2026-07-11T22:16:06.660478+00:00,,,not_checked,,,,,,,,,,,,,,,,,partial,contract_code_observed|erc4337_not_checked|safe_not_checked,legacy_code_snapshot,,25512299,account-evidence-v1,2026-07-11T22:16:06.660478+00:00
1,0x2bf9f2580aa11336c95bf543be1d440ee09c063d,eoa_candidate,no_code,0,25512299,2026-07-11T22:16:06.660478+00:00,,,not_checked,,,,,,,,,,,,,,,,,partial,erc4337_not_checked|no_code_observed|safe_not_checked,legacy_code_snapshot,,25512299,account-evidence-v1,2026-07-11T22:16:06.660478+00:00
1,0x2c41bbf512a821cdf14af2eba4d79c96139ee747,eoa_candidate,no_code,0,25512299,2026-07-11T22:16:06.660478+00:00,,,not_checked,,,,,,,,,,,,,,,,,partial,erc4337_not_checked|no_code_observed|safe_not_checked,legacy_code_snapshot,,25512299,account-evidence-v1,2026-07-11T22:16:06.660478+00:00
1,0x2c4cc63171be6a2c89d74fa63301a068f41283e2,eoa_candidate,no_code,0,25512299,2026-07-11T22:16:06.660478+00:00,,,not_checked,,,,,,,,,,,,,,,,,partial,erc4337_not_checked|no_code_observed|safe_not_checked,legacy_code_snapshot,,25512299,account-evidence-v1,2026-07-11T22:16:06.660478+00:00
1,0x2c56bf82ffffefa99ae1d55b0e229f7831f21c7e,eoa_candidate,no_code,0,25512299,2026-07-11T22:16:06.660478+00:00,,,not_checked,,,,,,,,,,,,,,,,,partial,erc4337_not_checked|no_code_observed|safe_not_checked,legacy_code_snapshot,,25512299,account-evidence-v1,2026-07-11T22:16:06.660478+00:00
1,0x2c8875f34ceb219f61b7453b2c5f100ec2f6ed33,eoa_candidate,no_code,0,25512299,2026-07-11T22:16:06.660478+00:00,,,not_checked,,,,,,,,,,,,,,,,,partial,erc4337_not_checked|no_code_observed|safe_not_checked,legacy_code_snapshot,,25512299,account-evidence-v1,2026-07-11T22:16:06.660478+00:00
1,0x2c89deb2f68e3cd642002ad444ff0829179a1710,eoa_candidate,no_code,0,25512299,2026-07-11T22:16:06.660478+00:00,,,not_checked,,,,,,,,,,,,,,,,,partial,erc4337_not_checked|no_code_observed|safe_not_checked,legacy_code_snapshot,,25512299,account-evidence-v1,2026-07-11T22:16:06.660478+00:00
1,0x2d42e1eec1c61dd9d1ddff2405e91ba6179aa0b8,eoa_candidate,no_code,0,25512299,2026-07-11T22:16:06.660478+00:00,,,not_checked,,,,,,,,,,,,,,,,,partial,erc4337_not_checked|no_code_observed|safe_not_checked,legacy_code_snapshot,,25512299,account-evidence-v1,2026-07-11T22:16:06.660478+00:00
1,0x2d564e2a9dd190269fd2d9fd4faffbf8c5d7ccca,eoa_candidate,no_code,0,25512299,2026-07-11T22:16:06.660478+00:00,,,not_checked,,,,,,,,,,,,,,,,,partial,erc4337_not_checked|no_code_observed|safe_not_checked,legacy_code_snapshot,,25512299,account-evidence-v1,2026-07-11T22:16:06.660478+00:00
1,0x2d6096551e9c9ab7aadaec4d962566bdbd03a3bf,eoa_candidate,no_code,0,25512299,2026-07-11T22:16:06.660478+00:00,,,not_checked,,,,,,,,,,,,,,,,,partial,erc4337_not_checked|no_code_observed|safe_not_checked,legacy_code_snapshot,,25512299,account-evidence-v1,2026-07-11T22:16:06.660478+00:00
1,0x2e475e42c13d5ac5f620747850cc6abb03375b81,contract,contract_code,11293,25512299,2026-07-11T22:16:06.660478+00:00,,,not_checked,,,,,,,,,,,,,,,,,partial,contract_code_observed|erc4337_not_checked|safe_not_checked,legacy_code_snapshot,,25512299,account-evidence-v1,2026-07-11T22:16:06.660478+00:00
1,0x2ee02d4e818e0e1ccc46054b2f7c8d10018cffc8,contract,contract_code,23,25512299,2026-07-11T22:16:06.660478+00:00,,,not_checked,,,,,,,,,,,,,,,,,partial,contract_code_observed|erc4337_not_checked|safe_not_checked,legacy_code_snapshot,,25512299,account-evidence-v1,2026-07-11T22:16:06.660478+00:00
1,0x2ee5fc834903186949c75e0dc10ec245397bf1fa,eoa_candidate,no_code,0,25512299,2026-07-11T22:16:06.660478+00:00,,,not_checked,,,,,,,,,,,,,,,,,partial,erc4337_not_checked|no_code_observed|safe_not_checked,legacy_code_snapshot,,25512299,account-evidence-v1,2026-07-11T22:16:06.660478+00:00
1,0x2f29811f72832f1ee198bfd72feb7f0da006511f,eoa_candidate,no_code,0,25512299,2026-07-11T22:16:06.660478+00:00,,,not_checked,,,,,,,,,,,,,,,,,partial,erc4337_not_checked|no_code_observed|safe_not_checked,legacy_code_snapshot,,25512299,account-evidence-v1,2026-07-11T22:16:06.660478+00:00
1,0x2fada686bac12206b39bfcaafd9f593e7fc9a6ae,contract,contract_code,11293,25512299,2026-07-11T22:16:06.660478+00:00,,,not_checked,,,,,,,,,,,,,,,,,partial,contract_code_observed|erc4337_not_checked|safe_not_checked,legacy_code_snapshot,,25512299,account-evidence-v1,2026-07-11T22:16:06.660478+00:00
1,0x2fb582b5f608aab96caadae6a0ce429d536a5dbf,contract,contract_code,11293,25512299,2026-07-11T22:16:06.660478+00:00,,,not_checked,,,,,,,,,,,,,,,,,partial,contract_code_observed|erc4337_not_checked|safe_not_checked,legacy_code_snapshot,,25512299,account-evidence-v1,2026-07-11T22:16:06.660478+00:00
1,0x2fdd147da8bb3329414944aec77e4127fcdb4378,eoa_candidate,no_code,0,25512299,2026-07-11T22:16:06.660478+00:00,,,not_checked,,,,,,,,,,,,,,,,,partial,erc4337_not_checked|no_code_observed|safe_not_checked,legacy_code_snapshot,,25512299,account-evidence-v1,2026-07-11T22:16:06.660478+00:00
1,0x312fb697fc2f31cc4cb2677d8650b3cf2ed5e16e,eoa_candidate,no_code,0,25512299,2026-07-11T22:16:06.660478+00:00,,,not_checked,,,,,,,,,,,,,,,,,partial,erc4337_not_checked|no_code_observed|safe_not_checked,legacy_code_snapshot,,25512299,account-evidence-v1,2026-07-11T22:16:06.660478+00:00
1,0x31e353c5165b0410a85198cd0b9250c2d3fec4ec,contract,contract_code,11293,25512299,2026-07-11T22:16:06.660478+00:00,,,not_checked,,,,,,,,,,,,,,,,,partial,contract_code_observed|erc4337_not_checked|safe_not_checked,legacy_code_snapshot,,25512299,account-evidence-v1,2026-07-11T22:16:06.660478+00:00
1,0x31f195f9ad023e8903ef1d259ab295a421f46aab,eoa_candidate,no_code,0,25512299,2026-07-11T22:16:06.660478+00:00,,,not_checked,,,,,,,,,,,,,,,,,partial,erc4337_not_checked|no_code_observed|safe_not_checked,legacy_code_snapshot,,25512299,account-evidence-v1,2026-07-11T22:16:06.660478+00:00
1,0x3227fa0cd2f2305be02267c6830a5cec1fbd778b,contract,contract_code,11293,25512299,2026-07-11T22:16:06.660478+00:00,,,not_checked,,,,,,,,,,,,,,,,,partial,contract_code_observed|erc4337_not_checked|safe_not_checked,legacy_code_snapshot,,25512299,account-evidence-v1,2026-07-11T22:16:06.660478+00:00
1,0x323df3f5c4ff2126457bda414387ea0fbdb47ad2,eoa_candidate,no_code,0,25512299,2026-07-11T22:16:06.660478+00:00,,,not_checked,,,,,,,,,,,,,,,,,partial,erc4337_not_checked|no_code_observed|safe_not_checked,legacy_code_snapshot,,25512299,account-evidence-v1,2026-07-11T22:16:06.660478+00:00
1,0x32805dd695237bf72694ca372653c5508d077dd4,contract,contract_code,11293,25512299,2026-07-11T22:16:06.660478+00:00,,,not_checked,,,,,,,,,,,,,,,,,partial,contract_code_observed|erc4337_not_checked|safe_not_checked,legacy_code_snapshot,,25512299,account-evidence-v1,2026-07-11T22:16:06.660478+00:00
1,0x3291a675e98b19e5cee81ec76930a4225e1a16f7,contract,contract_code,11293,25512299,2026-07-11T22:16:06.660478+00:00,,,not_checked,,,,,,,,,,,,,,,,,partial,contract_code_observed|erc4337_not_checked|safe_not_checked,legacy_code_snapshot,,25512299,account-evidence-v1,2026-07-11T22:16:06.660478+00:00
1,0x32d1044d04bc8e15a65970c0db1e7bb435a04a50,eoa_candidate,no_code,0,25512299,2026-07-11T22:16:06.660478+00:00,,,not_checked,,,,,,,,,,,,,,,,,partial,erc4337_not_checked|no_code_observed|safe_not_checked,legacy_code_snapshot,,25512299,account-evidence-v1,2026-07-11T22:16:06.660478+00:00
1,0x32d6900c54165b09e1e1f22b6d5621535806360b,eoa_candidate,no_code,0,25512299,2026-07-11T22:16:06.660478+00:00,,,not_checked,,,,,,,,,,,,,,,,,partial,erc4337_not_checked|no_code_observed|safe_not_checked,legacy_code_snapshot,,25512299,account-evidence-v1,2026-07-11T22:16:06.660478+00:00
1,0x32f1f16d2882922b52cf8b130544acceefe96c6f,eoa_candidate,no_code,0,25512299,2026-07-11T22:16:06.660478+00:00,,,not_checked,,,,,,,,,,,,,,,,,partial,erc4337_not_checked|no_code_observed|safe_not_checked,legacy_code_snapshot,,25512299,account-evidence-v1,2026-07-11T22:16:06.660478+00:00
1,0x33b279a7b0a21258ac210d126bcbc168facefa00,contract,contract_code,23,25512299,2026-07-11T22:16:06.660478+00:00,,,not_checked,,,,,,,,,,,,,,,,,partial,contract_code_observed|erc4337_not_checked|safe_not_checked,legacy_code_snapshot,,25512299,account-evidence-v1,2026-07-11T22:16:06.660478+00:00
1,0x3429504a3a0cc175467de6cb262e75a739c75a3a,eoa_candidate,no_code,0,25512299,2026-07-11T22:16:06.660478+00:00,,,not_checked,,,,,,,,,,,,,,,,,partial,erc4337_not_checked|no_code_observed|safe_not_checked,legacy_code_snapshot,,25512299,account-evidence-v1,2026-07-11T22:16:06.660478+00:00
1,0x344941a705fda2bdffe08951660c7371e93bcce0,eoa_candidate,no_code,0,25512299,2026-07-11T22:16:06.660478+00:00,,,not_checked,,,,,,,,,,,,,,,,,partial,erc4337_not_checked|no_code_observed|safe_not_checked,legacy_code_snapshot,,25512299,account-evidence-v1,2026-07-11T22:16:06.660478+00:00
1,0x3479ac39ad8513c8fdfb3f94b3ddd071f8bb102e,eoa_candidate,no_code,0,25512299,2026-07-11T22:16:06.660478+00:00,,,not_checked,,,,,,,,,,,,,,,,,partial,erc4337_not_checked|no_code_observed|safe_not_checked,legacy_code_snapshot,,25512299,account-evidence-v1,2026-07-11T22:16:06.660478+00:00
1,0x3519efb7c2dec986d818d0f78a99512f9e3c294b,eoa_candidate,no_code,0,25512299,2026-07-11T22:16:06.660478+00:00,,,not_checked,,,,,,,,,,,,,,,,,partial,erc4337_not_checked|no_code_observed|safe_not_checked,legacy_code_snapshot,,25512299,account-evidence-v1,2026-07-11T22:16:06.660478+00:00
1,0x351f22ad6286a1003b46575e929fee3f107fe60f,eoa_candidate,no_code,0,25512299,2026-07-11T22:16:06.660478+00:00,,,not_checked,,,,,,,,,,,,,,,,,partial,erc4337_not_checked|no_code_observed|safe_not_checked,legacy_code_snapshot,,25512299,account-evidence-v1,2026-07-11T22:16:06.660478+00:00
1,0x35dd43036929c5ff17cf0410b3367f88e1cf4cb7,eoa_candidate,no_code,0,25512299,2026-07-11T22:16:06.660478+00:00,,,not_checked,,,,,,,,,,,,,,,,,partial,erc4337_not_checked|no_code_observed|safe_not_checked,legacy_code_snapshot,,25512299,account-evidence-v1,2026-07-11T22:16:06.660478+00:00
1,0x35dd9e7a63ef018332bb9bed70612ca33002b429,eoa_candidate,no_code,0,25512299,2026-07-11T22:16:06.660478+00:00,,,not_checked,,,,,,,,,,,,,,,,,partial,erc4337_not_checked|no_code_observed|safe_not_checked,legacy_code_snapshot,,25512299,account-evidence-v1,2026-07-11T22:16:06.660478+00:00
1,0x35f1a1d7ddbe0e36c674fb59601fed1a9db3a528,contract,contract_code,11293,25512299,2026-07-11T22:16:06.660478+00:00,,,not_checked,,,,,,,,,,,,,,,,,partial,contract_code_observed|erc4337_not_checked|safe_not_checked,legacy_code_snapshot,,25512299,account-evidence-v1,2026-07-11T22:16:06.660478+00:00
1,0x35f1b453606d1cb6b2af4653bb253a2b48764e78,contract,contract_code,11293,25512299,2026-07-11T22:16:06.660478+00:00,,,not_checked,,,,,,,,,,,,,,,,,partial,contract_code_observed|erc4337_not_checked|safe_not_checked,legacy_code_snapshot,,25512299,account-evidence-v1,2026-07-11T22:16:06.660478+00:00
1,0x360f479d52cbd44e15a20ae51bdfe7fe392aec43,contract,contract_code,11293,25512299,2026-07-11T22:16:06.660478+00:00,,,not_checked,,,,,,,,,,,,,,,,,partial,contract_code_observed|erc4337_not_checked|safe_not_checked,legacy_code_snapshot,,25512299,account-evidence-v1,2026-07-11T22:16:06.660478+00:00
1,0x36150a058f9d628fcc26dddc03232f883f5c4102,eoa_candidate,no_code,0,25512299,2026-07-11T22:16:06.660478+00:00,,,not_checked,,,,,,,,,,,,,,,,,partial,erc4337_not_checked|no_code_observed|safe_not_checked,legacy_code_snapshot,,25512299,account-evidence-v1,2026-07-11T22:16:06.660478+00:00
1,0x366401d0c187eb5194488cbcf4ff7ebe6b8b221f,contract,contract_code,23,25512299,2026-07-11T22:16:06.660478+00:00,,,not_checked,,,,,,,,,,,,,,,,,partial,contract_code_observed|erc4337_not_checked|safe_not_checked,legacy_code_snapshot,,25512299,account-evidence-v1,2026-07-11T22:16:06.660478+00:00
1,0x3672e98eb4e5ad0c11d585b9e1409712c89ad720,contract,contract_code,11293,25512299,2026-07-11T22:16:06.660478+00:00,,,not_checked,,,,,,,,,,,,,,,,,partial,contract_code_observed|erc4337_not_checked|safe_not_checked,legacy_code_snapshot,,25512299,account-evidence-v1,2026-07-11T22:16:06.660478+00:00
1,0x371069dfec551285339a441c18c4bab191069079,contract,contract_code,11293,25512299,2026-07-11T22:16:06.660478+00:00,,,not_checked,,,,,,,,,,,,,,,,,partial,contract_code_observed|erc4337_not_checked|safe_not_checked,legacy_code_snapshot,,25512299,account-evidence-v1,2026-07-11T22:16:06.660478+00:00
1,0x373b019322f869d26300c2219634c3fde78d956b,eoa_candidate,no_code,0,25512299,2026-07-11T22:16:06.660478+00:00,,,not_checked,,,,,,,,,,,,,,,,,partial,erc4337_not_checked|no_code_observed|safe_not_checked,legacy_code_snapshot,,25512299,account-evidence-v1,2026-07-11T22:16:06.660478+00:00
1,0x374436025ed6a8a3adc7965af37e0689b4095555,eoa_candidate,no_code,0,25512299,2026-07-11T22:16:06.660478+00:00,,,not_checked,,,,,,,,,,,,,,,,,partial,erc4337_not_checked|no_code_observed|safe_not_checked,legacy_code_snapshot,,25512299,account-evidence-v1,2026-07-11T22:16:06.660478+00:00
1,0x376a369146e71337943fd52e5d9d30ee8cd9e482,eoa_candidate,no_code,0,25512299,2026-07-11T22:16:06.660478+00:00,,,not_checked,,,,,,,,,,,,,,,,,partial,erc4337_not_checked|no_code_observed|safe_not_checked,legacy_code_snapshot,,25512299,account-evidence-v1,2026-07-11T22:16:06.660478+00:00
1,0x378476669e891da8289b326286d907fb9917b359,eoa_candidate,no_code,0,25512299,2026-07-11T22:16:06.660478+00:00,,,not_checked,,,,,,,,,,,,,,,,,partial,erc4337_not_checked|no_code_observed|safe_not_checked,legacy_code_snapshot,,25512299,account-evidence-v1,2026-07-11T22:16:06.660478+00:00
1,0x37c3d75cd07cebbacc78f8fc4248f58ac5613694,eoa_candidate,no_code,0,25512299,2026-07-11T22:16:06.660478+00:00,,,not_checked,,,,,,,,,,,,,,,,,partial,erc4337_not_checked|no_code_observed|safe_not_checked,legacy_code_snapshot,,25512299,account-evidence-v1,2026-07-11T22:16:06.660478+00:00
1,0x37d4a93100438f5e3bbfaa3b15080db271fba55b,eoa_candidate,no_code,0,25512299,2026-07-11T22:16:06.660478+00:00,,,not_checked,,,,,,,,,,,,,,,,,partial,erc4337_not_checked|no_code_observed|safe_not_checked,legacy_code_snapshot,,25512299,account-evidence-v1,2026-07-11T22:16:06.660478+00:00
1,0x38174e856c1a59c172abcf9f853183f70491c76f,contract,contract_code,11293,25512299,2026-07-11T22:16:06.660478+00:00,,,not_checked,,,,,,,,,,,,,,,,,partial,contract_code_observed|erc4337_not_checked|safe_not_checked,legacy_code_snapshot,,25512299,account-evidence-v1,2026-07-11T22:16:06.660478+00:00
1,0x39041f1b366fe33f9a5a79de5120f2aee2577ebc,eoa_candidate,no_code,0,25512299,2026-07-11T22:16:06.660478+00:00,,,not_checked,,,,,,,,,,,,,,,,,partial,erc4337_not_checked|no_code_observed|safe_not_checked,legacy_code_snapshot,,25512299,account-evidence-v1,2026-07-11T22:16:06.660478+00:00
1,0x39168297e25151113dc2c33de4f083d8a224fd12,eoa_candidate,no_code,0,25512299,2026-07-11T22:16:06.660478+00:00,,,not_checked,,,,,,,,,,,,,,,,,partial,erc4337_not_checked|no_code_observed|safe_not_checked,legacy_code_snapshot,,25512299,account-evidence-v1,2026-07-11T22:16:06.660478+00:00
1,0x39b16d03b1eb5ce388daa3f1740540061e8a4054,eoa_candidate,no_code,0,25512299,2026-07-11T22:16:06.660478+00:00,,,not_checked,,,,,,,,,,,,,,,,,partial,erc4337_not_checked|no_code_observed|safe_not_checked,legacy_code_snapshot,,25512299,account-evidence-v1,2026-07-11T22:16:06.660478+00:00
1,0x39bc1574a62607f7d9cbdc886a26120fba6436dd,eoa_candidate,no_code,0,25512299,2026-07-11T22:16:06.660478+00:00,,,not_checked,,,,,,,,,,,,,,,,,partial,erc4337_not_checked|no_code_observed|safe_not_checked,legacy_code_snapshot,,25512299,account-evidence-v1,2026-07-11T22:16:06.660478+00:00
1,0x39c0e0c8b0ea7b92b926b5f2057e46ec4bb0e130,contract,contract_code,11293,25512299,2026-07-11T22:16:06.660478+00:00,,,not_checked,,,,,,,,,,,,,,,,,partial,contract_code_observed|erc4337_not_checked|safe_not_checked,legacy_code_snapshot,,25512299,account-evidence-v1,2026-07-11T22:16:06.660478+00:00
1,0x39dc667511fc02c51ab3ba32fe6a56770cbc2638,eoa_candidate,no_code,0,25512299,2026-07-11T22:16:06.660478+00:00,,,not_checked,,,,,,,,,,,,,,,,,partial,erc4337_not_checked|no_code_observed|safe_not_checked,legacy_code_snapshot,,25512299,account-evidence-v1,2026-07-11T22:16:06.660478+00:00
1,0x3a0f74642c55ffb51062da5939716949fcf35ac4,contract,contract_code,11293,25512299,2026-07-11T22:16:06.660478+00:00,,,not_checked,,,,,,,,,,,,,,,,,partial,contract_code_observed|erc4337_not_checked|safe_not_checked,legacy_code_snapshot,,25512299,account-evidence-v1,2026-07-11T22:16:06.660478+00:00
1,0x3a203a4a2fc87797bafe127900df98b3f3dffb97,contract,contract_code,11293,25512299,2026-07-11T22:16:06.660478+00:00,,,not_checked,,,,,,,,,,,,,,,,,partial,contract_code_observed|erc4337_not_checked|safe_not_checked,legacy_code_snapshot,,25512299,account-evidence-v1,2026-07-11T22:16:06.660478+00:00
1,0x3a5ee9e38c06d394d52a481281f1b68d5ce03891,eoa_candidate,no_code,0,25512299,2026-07-11T22:16:06.660478+00:00,,,not_checked,,,,,,,,,,,,,,,,,partial,erc4337_not_checked|no_code_observed|safe_not_checked,legacy_code_snapshot,,25512299,account-evidence-v1,2026-07-11T22:16:06.660478+00:00
1,0x3b2bb8daa3bc10854c261f6b13cb5259365ed0b1,contract,contract_code,11293,25512299,2026-07-11T22:16:06.660478+00:00,,,not_checked,,,,,,,,,,,,,,,,,partial,contract_code_observed|erc4337_not_checked|safe_not_checked,legacy_code_snapshot,,25512299,account-evidence-v1,2026-07-11T22:16:06.660478+00:00
1,0x3b7ad4171ea02a8c95847511a8edcf099eeec462,eoa_candidate,no_code,0,25512299,2026-07-11T22:16:06.660478+00:00,,,not_checked,,,,,,,,,,,,,,,,,partial,erc4337_not_checked|no_code_observed|safe_not_checked,legacy_code_snapshot,,25512299,account-evidence-v1,2026-07-11T22:16:06.660478+00:00
1,0x3c62d71981cb3a72957a4651ae6aafef5d97575d,eoa_candidate,no_code,0,25512299,2026-07-11T22:16:06.660478+00:00,,,not_checked,,,,,,,,,,,,,,,,,partial,erc4337_not_checked|no_code_observed|safe_not_checked,legacy_code_snapshot,,25512299,account-evidence-v1,2026-07-11T22:16:06.660478+00:00
1,0x3c77c73feaf9a35564119e4c11c83bbba35c41ab,eoa_candidate,no_code,0,25512299,2026-07-11T22:16:06.660478+00:00,,,not_checked,,,,,,,,,,,,,,,,,partial,erc4337_not_checked|no_code_observed|safe_not_checked,legacy_code_snapshot,,25512299,account-evidence-v1,2026-07-11T22:16:06.660478+00:00
1,0x3c822a4fe4e17930b33278e66857f951fecb073d,eoa_candidate,no_code,0,25512299,2026-07-11T22:16:06.660478+00:00,,,not_checked,,,,,,,,,,,,,,,,,partial,erc4337_not_checked|no_code_observed|safe_not_checked,legacy_code_snapshot,,25512299,account-evidence-v1,2026-07-11T22:16:06.660478+00:00
1,0x3c909d53da9eccd51ab857333c205f0e094feeee,contract,contract_code,5799,25512299,2026-07-11T22:16:06.660478+00:00,,,not_checked,,,,,,,,,,,,,,,,,partial,contract_code_observed|erc4337_not_checked|safe_not_checked,legacy_code_snapshot,,25512299,account-evidence-v1,2026-07-11T22:16:06.660478+00:00
1,0x3cbe808cd26b16229a63a814fa682fa590b9908a,contract,contract_code,11293,25512299,2026-07-11T22:16:06.660478+00:00,,,not_checked,,,,,,,,,,,,,,,,,partial,contract_code_observed|erc4337_not_checked|safe_not_checked,legacy_code_snapshot,,25512299,account-evidence-v1,2026-07-11T22:16:06.660478+00:00
1,0x3ced9f9503517b2d4dd754d4c323aa7562625662,eoa_candidate,no_code,0,25512299,2026-07-11T22:16:06.660478+00:00,,,not_checked,,,,,,,,,,,,,,,,,partial,erc4337_not_checked|no_code_observed|safe_not_checked,legacy_code_snapshot,,25512299,account-evidence-v1,2026-07-11T22:16:06.660478+00:00
1,0x3d1cddeb300d73463f7882c02dfd21567043d17c,contract,contract_code,11293,25512299,2026-07-11T22:16:06.660478+00:00,,,not_checked,,,,,,,,,,,,,,,,,partial,contract_code_observed|erc4337_not_checked|safe_not_checked,legacy_code_snapshot,,25512299,account-evidence-v1,2026-07-11T22:16:06.660478+00:00
1,0x3d1d976e1e238175c0dc968d4852b3bf6500764a,eoa_candidate,no_code,0,25512299,2026-07-11T22:16:06.660478+00:00,,,not_checked,,,,,,,,,,,,,,,,,partial,erc4337_not_checked|no_code_observed|safe_not_checked,legacy_code_snapshot,,25512299,account-evidence-v1,2026-07-11T22:16:06.660478+00:00
1,0x3d45f8c2c3ee71375b877940ea6f9b95512c260c,eoa_candidate,no_code,0,25512299,2026-07-11T22:16:06.660478+00:00,,,not_checked,,,,,,,,,,,,,,,,,partial,erc4337_not_checked|no_code_observed|safe_not_checked,legacy_code_snapshot,,25512299,account-evidence-v1,2026-07-11T22:16:06.660478+00:00
1,0x3d9ca38dfaebeb563a4c2eb49c26fc8486742c16,eoa_candidate,no_code,0,25512299,2026-07-11T22:16:06.660478+00:00,,,not_checked,,,,,,,,,,,,,,,,,partial,erc4337_not_checked|no_code_observed|safe_not_checked,legacy_code_snapshot,,25512299,account-evidence-v1,2026-07-11T22:16:06.660478+00:00
1,0x3da01e5f63ef6c274a457bec0171ac7b809e6443,eoa_candidate,no_code,0,25512299,2026-07-11T22:16:06.660478+00:00,,,not_checked,,,,,,,,,,,,,,,,,partial,erc4337_not_checked|no_code_observed|safe_not_checked,legacy_code_snapshot,,25512299,account-evidence-v1,2026-07-11T22:16:06.660478+00:00
1,0x3df9d9929d209707daff9d4154af3a084d574e00,contract,contract_code,11293,25512299,2026-07-11T22:16:06.660478+00:00,,,not_checked,,,,,,,,,,,,,,,,,partial,contract_code_observed|erc4337_not_checked|safe_not_checked,legacy_code_snapshot,,25512299,account-evidence-v1,2026-07-11T22:16:06.660478+00:00
1,0x3e8e2f4241cdddcfc1839f31cc263ac69e1badbc,contract,contract_code,23,25512299,2026-07-11T22:16:06.660478+00:00,,,not_checked,,,,,,,,,,,,,,,,,partial,contract_code_observed|erc4337_not_checked|safe_not_checked,legacy_code_snapshot,,25512299,account-evidence-v1,2026-07-11T22:16:06.660478+00:00
1,0x3e9dd8088fe88472621f67ac502b784f0d852b71,contract,contract_code,23,25512299,2026-07-11T22:16:06.660478+00:00,,,not_checked,,,,,,,,,,,,,,,,,partial,contract_code_observed|erc4337_not_checked|safe_not_checked,legacy_code_snapshot,,25512299,account-evidence-v1,2026-07-11T22:16:06.660478+00:00
1,0x3ec1fac49fa7dd5ac7b294baac84404be9dba959,eoa_candidate,no_code,0,25512299,2026-07-11T22:16:06.660478+00:00,,,not_checked,,,,,,,,,,,,,,,,,partial,erc4337_not_checked|no_code_observed|safe_not_checked,legacy_code_snapshot,,25512299,account-evidence-v1,2026-07-11T22:16:06.660478+00:00
1,0x3f2948b14afc98ba6d6081e8e67b20a06981388f,eoa_candidate,no_code,0,25512299,2026-07-11T22:16:06.660478+00:00,,,not_checked,,,,,,,,,,,,,,,,,partial,erc4337_not_checked|no_code_observed|safe_not_checked,legacy_code_snapshot,,25512299,account-evidence-v1,2026-07-11T22:16:06.660478+00:00
1,0x3f47961de99400404b114992031aa257c0404e5e,contract,contract_code,11293,25512299,2026-07-11T22:16:06.660478+00:00,,,not_checked,,,,,,,,,,,,,,,,,partial,contract_code_observed|erc4337_not_checked|safe_not_checked,legacy_code_snapshot,,25512299,account-evidence-v1,2026-07-11T22:16:06.660478+00:00
1,0x3f6b65b1b72808771f4b932f34a3322e3b815c5a,contract,contract_code,11293,25512299,2026-07-11T22:16:06.660478+00:00,,,not_checked,,,,,,,,,,,,,,,,,partial,contract_code_observed|erc4337_not_checked|safe_not_checked,legacy_code_snapshot,,25512299,account-evidence-v1,2026-07-11T22:16:06.660478+00:00
1,0x3f738b61a4c9257b5bb72b9503bd12443e871d6d,eoa_candidate,no_code,0,25512299,2026-07-11T22:16:06.660478+00:00,,,not_checked,,,,,,,,,,,,,,,,,partial,erc4337_not_checked|no_code_observed|safe_not_checked,legacy_code_snapshot,,25512299,account-evidence-v1,2026-07-11T22:16:06.660478+00:00
1,0x3fc91a3afd70395cd496c647d5a6cc9d4b2b7fad,contract,contract_code,17958,25512299,2026-07-11T22:16:06.660478+00:00,,,not_checked,,,,,,,,,,,,,,,,,partial,contract_code_observed|erc4337_not_checked|safe_not_checked,legacy_code_snapshot,,25512299,account-evidence-v1,2026-07-11T22:16:06.660478+00:00
1,0x406d3346a727a1ac6f5031d30158cdbc21a6cdbc,eoa_candidate,no_code,0,25512299,2026-07-11T22:16:06.660478+00:00,,,not_checked,,,,,,,,,,,,,,,,,partial,erc4337_not_checked|no_code_observed|safe_not_checked,legacy_code_snapshot,,25512299,account-evidence-v1,2026-07-11T22:16:06.660478+00:00
1,0x406dba5a0352e4a8d8db65b20cadff9d7bc2cdbc,contract,contract_code,23,25512299,2026-07-11T22:16:06.660478+00:00,,,not_checked,,,,,,,,,,,,,,,,,partial,contract_code_observed|erc4337_not_checked|safe_not_checked,legacy_code_snapshot,,25512299,account-evidence-v1,2026-07-11T22:16:06.660478+00:00
1,0x408a5bb8591cbe6b68678b66ca96516acb18c0e3,contract,contract_code,11293,25512299,2026-07-11T22:16:06.660478+00:00,,,not_checked,,,,,,,,,,,,,,,,,partial,contract_code_observed|erc4337_not_checked|safe_not_checked,legacy_code_snapshot,,25512299,account-evidence-v1,2026-07-11T22:16:06.660478+00:00
1,0x40b4f31c948dd4011c3eaacdc4e6f242f907a09d,eoa_candidate,no_code,0,25512299,2026-07-11T22:16:06.660478+00:00,,,not_checked,,,,,,,,,,,,,,,,,partial,erc4337_not_checked|no_code_observed|safe_not_checked,legacy_code_snapshot,,25512299,account-evidence-v1,2026-07-11T22:16:06.660478+00:00
1,0x40bb488401f104714478ed262f4ed177c24cbb82,eoa_candidate,no_code,0,25512299,2026-07-11T22:16:06.660478+00:00,,,not_checked,,,,,,,,,,,,,,,,,partial,erc4337_not_checked|no_code_observed|safe_not_checked,legacy_code_snapshot,,25512299,account-evidence-v1,2026-07-11T22:16:06.660478+00:00
1,0x40bda661349e93689cecd2ee37fa54f6407f3a76,eoa_candidate,no_code,0,25512299,2026-07-11T22:16:06.660478+00:00,,,not_checked,,,,,,,,,,,,,,,,,partial,erc4337_not_checked|no_code_observed|safe_not_checked,legacy_code_snapshot,,25512299,account-evidence-v1,2026-07-11T22:16:06.660478+00:00
1,0x4158cb4b776a0c2848ed90efdf6a1294a903d208,eoa_candidate,no_code,0,25512299,2026-07-11T22:16:06.660478+00:00,,,not_checked,,,,,,,,,,,,,,,,,partial,erc4337_not_checked|no_code_observed|safe_not_checked,legacy_code_snapshot,,25512299,account-evidence-v1,2026-07-11T22:16:06.660478+00:00
1,0x41713614a52e0a8b2c89f4a82ab711930cb92b6d,eoa_candidate,no_code,0,25512299,2026-07-11T22:16:06.660478+00:00,,,not_checked,,,,,,,,,,,,,,,,,partial,erc4337_not_checked|no_code_observed|safe_not_checked,legacy_code_snapshot,,25512299,account-evidence-v1,2026-07-11T22:16:06.660478+00:00
1,0x4180ec8f27e4bfc09cd1085b9fa3d2eb6de32fa0,contract,contract_code,11293,25512299,2026-07-11T22:16:06.660478+00:00,,,not_checked,,,,,,,,,,,,,,,,,partial,contract_code_observed|erc4337_not_checked|safe_not_checked,legacy_code_snapshot,,25512299,account-evidence-v1,2026-07-11T22:16:06.660478+00:00
1,0x41a14a3905a6827964a1ed9359e686ef768e2996,eoa_candidate,no_code,0,25512299,2026-07-11T22:16:06.660478+00:00,,,not_checked,,,,,,,,,,,,,,,,,partial,erc4337_not_checked|no_code_observed|safe_not_checked,legacy_code_snapshot,,25512299,account-evidence-v1,2026-07-11T22:16:06.660478+00:00
1,0x41b485ff25dec84ead574132d37002febedcd13d,eoa_candidate,no_code,0,25512299,2026-07-11T22:16:06.660478+00:00,,,not_checked,,,,,,,,,,,,,,,,,partial,erc4337_not_checked|no_code_observed|safe_not_checked,legacy_code_snapshot,,25512299,account-evidence-v1,2026-07-11T22:16:06.660478+00:00
1,0x41bf94c830e995355f878265a3e86d5e633cb273,contract,contract_code,11293,25512299,2026-07-11T22:16:06.660478+00:00,,,not_checked,,,,,,,,,,,,,,,,,partial,contract_code_observed|erc4337_not_checked|safe_not_checked,legacy_code_snapshot,,25512299,account-evidence-v1,2026-07-11T22:16:06.660478+00:00
1,0x41dc169e8e7d6abdc211ac11d038b8ee67120694,eoa_candidate,no_code,0,25512299,2026-07-11T22:16:06.660478+00:00,,,not_checked,,,,,,,,,,,,,,,,,partial,erc4337_not_checked|no_code_observed|safe_not_checked,legacy_code_snapshot,,25512299,account-evidence-v1,2026-07-11T22:16:06.660478+00:00
1,0x41e5255e56c6f6917cb595caaa345498771fb916,contract,contract_code,11293,25512299,2026-07-11T22:16:06.660478+00:00,,,not_checked,,,,,,,,,,,,,,,,,partial,contract_code_observed|erc4337_not_checked|safe_not_checked,legacy_code_snapshot,,25512299,account-evidence-v1,2026-07-11T22:16:06.660478+00:00
1,0x424b47e670bfcdc74e6d5ccd147b32e194f2753a,contract,contract_code,11293,25512299,2026-07-11T22:16:06.660478+00:00,,,not_checked,,,,,,,,,,,,,,,,,partial,contract_code_observed|erc4337_not_checked|safe_not_checked,legacy_code_snapshot,,25512299,account-evidence-v1,2026-07-11T22:16:06.660478+00:00
1,0x42ddc5cc441d81beeb6f3cfeb4c9148e1a96ba71,contract,contract_code,11293,25512299,2026-07-11T22:16:06.660478+00:00,,,not_checked,,,,,,,,,,,,,,,,,partial,contract_code_observed|erc4337_not_checked|safe_not_checked,legacy_code_snapshot,,25512299,account-evidence-v1,2026-07-11T22:16:06.660478+00:00
1,0x43083e5f762e1674f89f0461bb913662315dfe55,eoa_candidate,no_code,0,25512299,2026-07-11T22:16:06.660478+00:00,,,not_checked,,,,,,,,,,,,,,,,,partial,erc4337_not_checked|no_code_observed|safe_not_checked,legacy_code_snapshot,,25512299,account-evidence-v1,2026-07-11T22:16:06.660478+00:00
1,0x430f4919d679b02dca4572579caabb7676d65f1e,eoa_candidate,no_code,0,25512299,2026-07-11T22:16:06.660478+00:00,,,not_checked,,,,,,,,,,,,,,,,,partial,erc4337_not_checked|no_code_observed|safe_not_checked,legacy_code_snapshot,,25512299,account-evidence-v1,2026-07-11T22:16:06.660478+00:00
1,0x441cae6cc68bf191df6123d7760e9329288363de,contract,contract_code,11293,25512299,2026-07-11T22:16:06.660478+00:00,,,not_checked,,,,,,,,,,,,,,,,,partial,contract_code_observed|erc4337_not_checked|safe_not_checked,legacy_code_snapshot,,25512299,account-evidence-v1,2026-07-11T22:16:06.660478+00:00
1,0x44674cea432221fc727767da0c740579ce4544e0,eoa_candidate,no_code,0,25512299,2026-07-11T22:16:06.660478+00:00,,,not_checked,,,,,,,,,,,,,,,,,partial,erc4337_not_checked|no_code_observed|safe_not_checked,legacy_code_snapshot,,25512299,account-evidence-v1,2026-07-11T22:16:06.660478+00:00
1,0x447f6bd9f006879d807e73062eee7e412029201a,contract,contract_code,11293,25512299,2026-07-11T22:16:06.660478+00:00,,,not_checked,,,,,,,,,,,,,,,,,partial,contract_code_observed|erc4337_not_checked|safe_not_checked,legacy_code_snapshot,,25512299,account-evidence-v1,2026-07-11T22:16:06.660478+00:00
1,0x44f17de85b36534f3febdd04d578ea651ac44291,eoa_candidate,no_code,0,25512299,2026-07-11T22:16:06.660478+00:00,,,not_checked,,,,,,,,,,,,,,,,,partial,erc4337_not_checked|no_code_observed|safe_not_checked,legacy_code_snapshot,,25512299,account-evidence-v1,2026-07-11T22:16:06.660478+00:00
1,0x45655d03e0eb2d02ef3f8a85da89528f6b93b63d,eoa_candidate,no_code,0,25512299,2026-07-11T22:16:06.660478+00:00,,,not_checked,,,,,,,,,,,,,,,,,partial,erc4337_not_checked|no_code_observed|safe_not_checked,legacy_code_snapshot,,25512299,account-evidence-v1,2026-07-11T22:16:06.660478+00:00
1,0x46269941aaa7d1c736c6cc7344e3039e00ef2170,eoa_candidate,no_code,0,25512299,2026-07-11T22:16:06.660478+00:00,,,not_checked,,,,,,,,,,,,,,,,,partial,erc4337_not_checked|no_code_observed|safe_not_checked,legacy_code_snapshot,,25512299,account-evidence-v1,2026-07-11T22:16:06.660478+00:00
1,0x466045979096f7a94a186702ab9cbea58fb5cf5f,eoa_candidate,no_code,0,25512299,2026-07-11T22:16:06.660478+00:00,,,not_checked,,,,,,,,,,,,,,,,,partial,erc4337_not_checked|no_code_observed|safe_not_checked,legacy_code_snapshot,,25512299,account-evidence-v1,2026-07-11T22:16:06.660478+00:00
1,0x46c46c5f4d2aa1eb3a776701b6992a2c26f996c2,eoa_candidate,no_code,0,25512299,2026-07-11T22:16:06.660478+00:00,,,not_checked,,,,,,,,,,,,,,,,,partial,erc4337_not_checked|no_code_observed|safe_not_checked,legacy_code_snapshot,,25512299,account-evidence-v1,2026-07-11T22:16:06.660478+00:00
1,0x4722c4ad835752deb917e3b67d5d108cc60214a6,contract,contract_code,11293,25512299,2026-07-11T22:16:06.660478+00:00,,,not_checked,,,,,,,,,,,,,,,,,partial,contract_code_observed|erc4337_not_checked|safe_not_checked,legacy_code_snapshot,,25512299,account-evidence-v1,2026-07-11T22:16:06.660478+00:00
1,0x47a86a774297fd7c53756a3b1bef03ba16906695,eoa_candidate,no_code,0,25512299,2026-07-11T22:16:06.660478+00:00,,,not_checked,,,,,,,,,,,,,,,,,partial,erc4337_not_checked|no_code_observed|safe_not_checked,legacy_code_snapshot,,25512299,account-evidence-v1,2026-07-11T22:16:06.660478+00:00
1,0x48c7d8abb7d2125bd0ce5e30d89db549898c1a97,contract,contract_code,11293,25512299,2026-07-11T22:16:06.660478+00:00,,,not_checked,,,,,,,,,,,,,,,,,partial,contract_code_observed|erc4337_not_checked|safe_not_checked,legacy_code_snapshot,,25512299,account-evidence-v1,2026-07-11T22:16:06.660478+00:00
1,0x490b100383c8d7bb69a4fff690c110be2570cf23,eoa_candidate,no_code,0,25512299,2026-07-11T22:16:06.660478+00:00,,,not_checked,,,,,,,,,,,,,,,,,partial,erc4337_not_checked|no_code_observed|safe_not_checked,legacy_code_snapshot,,25512299,account-evidence-v1,2026-07-11T22:16:06.660478+00:00
1,0x4976a4a02f38326660d17bf34b431dc6e2eb2327,eoa_candidate,no_code,0,25512299,2026-07-11T22:16:06.660478+00:00,,,not_checked,,,,,,,,,,,,,,,,,partial,erc4337_not_checked|no_code_observed|safe_not_checked,legacy_code_snapshot,,25512299,account-evidence-v1,2026-07-11T22:16:06.660478+00:00
1,0x4979515eae66ce5f6de145cc51815721fc483ec1,eoa_candidate,no_code,0,25512299,2026-07-11T22:16:06.660478+00:00,,,not_checked,,,,,,,,,,,,,,,,,partial,erc4337_not_checked|no_code_observed|safe_not_checked,legacy_code_snapshot,,25512299,account-evidence-v1,2026-07-11T22:16:06.660478+00:00
1,0x49a72b1ea7a21e2914e0794e7e46f2fa21dc2eea,contract,contract_code,11293,25512299,2026-07-11T22:16:06.660478+00:00,,,not_checked,,,,,,,,,,,,,,,,,partial,contract_code_observed|erc4337_not_checked|safe_not_checked,legacy_code_snapshot,,25512299,account-evidence-v1,2026-07-11T22:16:06.660478+00:00
1,0x49a9a791405f15917c16b4e3c2d1a330400ba70b,contract,contract_code,11293,25512299,2026-07-11T22:16:06.660478+00:00,,,not_checked,,,,,,,,,,,,,,,,,partial,contract_code_observed|erc4337_not_checked|safe_not_checked,legacy_code_snapshot,,25512299,account-evidence-v1,2026-07-11T22:16:06.660478+00:00
1,0x49aafa1d7c480ca54276aa5faeadffed40b41124,contract,contract_code,11293,25512299,2026-07-11T22:16:06.660478+00:00,,,not_checked,,,,,,,,,,,,,,,,,partial,contract_code_observed|erc4337_not_checked|safe_not_checked,legacy_code_snapshot,,25512299,account-evidence-v1,2026-07-11T22:16:06.660478+00:00
1,0x49b67e9e88400da8b60053f8f56a17fa8d16d568,contract,contract_code,11293,25512299,2026-07-11T22:16:06.660478+00:00,,,not_checked,,,,,,,,,,,,,,,,,partial,contract_code_observed|erc4337_not_checked|safe_not_checked,legacy_code_snapshot,,25512299,account-evidence-v1,2026-07-11T22:16:06.660478+00:00
1,0x4a10d0b815de3d8c045b68622f3bdfbe07473433,contract,contract_code,11293,25512299,2026-07-11T22:16:06.660478+00:00,,,not_checked,,,,,,,,,,,,,,,,,partial,contract_code_observed|erc4337_not_checked|safe_not_checked,legacy_code_snapshot,,25512299,account-evidence-v1,2026-07-11T22:16:06.660478+00:00
1,0x4aa8aa4a9d648ba47c4df4e52d9a80c232ccc5c7,eoa_candidate,no_code,0,25512299,2026-07-11T22:16:06.660478+00:00,,,not_checked,,,,,,,,,,,,,,,,,partial,erc4337_not_checked|no_code_observed|safe_not_checked,legacy_code_snapshot,,25512299,account-evidence-v1,2026-07-11T22:16:06.660478+00:00
1,0x4ada23a97451e0b43444abe15a2ea50a3e6110f9,eoa_candidate,no_code,0,25512299,2026-07-11T22:16:06.660478+00:00,,,not_checked,,,,,,,,,,,,,,,,,partial,erc4337_not_checked|no_code_observed|safe_not_checked,legacy_code_snapshot,,25512299,account-evidence-v1,2026-07-11T22:16:06.660478+00:00
1,0x4b20de29852723af2d794f68b1200571a336e3b6,contract,contract_code,11293,25512299,2026-07-11T22:16:06.660478+00:00,,,not_checked,,,,,,,,,,,,,,,,,partial,contract_code_observed|erc4337_not_checked|safe_not_checked,legacy_code_snapshot,,25512299,account-evidence-v1,2026-07-11T22:16:06.660478+00:00
1,0x4b987c500b86395d2fc30ee947756c8c6289a0e0,eoa_candidate,no_code,0,25512299,2026-07-11T22:16:06.660478+00:00,,,not_checked,,,,,,,,,,,,,,,,,partial,erc4337_not_checked|no_code_observed|safe_not_checked,legacy_code_snapshot,,25512299,account-evidence-v1,2026-07-11T22:16:06.660478+00:00
1,0x4baec566852ba1809046d67a94288500035e1f1a,contract,contract_code,11293,25512299,2026-07-11T22:16:06.660478+00:00,,,not_checked,,,,,,,,,,,,,,,,,partial,contract_code_observed|erc4337_not_checked|safe_not_checked,legacy_code_snapshot,,25512299,account-evidence-v1,2026-07-11T22:16:06.660478+00:00
1,0x4bba5f077a8fcfaf8d6d07c6cfbce553e2d94c9c,eoa_candidate,no_code,0,25512299,2026-07-11T22:16:06.660478+00:00,,,not_checked,,,,,,,,,,,,,,,,,partial,erc4337_not_checked|no_code_observed|safe_not_checked,legacy_code_snapshot,,25512299,account-evidence-v1,2026-07-11T22:16:06.660478+00:00
1,0x4be0ee1c0a0ecfe104e6488665fe47f8e1362426,contract,contract_code,11293,25512299,2026-07-11T22:16:06.660478+00:00,,,not_checked,,,,,,,,,,,,,,,,,partial,contract_code_observed|erc4337_not_checked|safe_not_checked,legacy_code_snapshot,,25512299,account-evidence-v1,2026-07-11T22:16:06.660478+00:00
1,0x4c2989e05f27236da02c6424d5c8d85ffa6dc95a,eoa_candidate,no_code,0,25512299,2026-07-11T22:16:06.660478+00:00,,,not_checked,,,,,,,,,,,,,,,,,partial,erc4337_not_checked|no_code_observed|safe_not_checked,legacy_code_snapshot,,25512299,account-evidence-v1,2026-07-11T22:16:06.660478+00:00
1,0x4c743cd7def49dd26dfd3b7f41a8b245359a0135,eoa_candidate,no_code,0,25512299,2026-07-11T22:16:06.660478+00:00,,,not_checked,,,,,,,,,,,,,,,,,partial,erc4337_not_checked|no_code_observed|safe_not_checked,legacy_code_snapshot,,25512299,account-evidence-v1,2026-07-11T22:16:06.660478+00:00
1,0x4ce91f2c8a8cc2c9aecfbbe4c602f93a996a35f5,contract,contract_code,11293,25512299,2026-07-11T22:16:06.660478+00:00,,,not_checked,,,,,,,,,,,,,,,,,partial,contract_code_observed|erc4337_not_checked|safe_not_checked,legacy_code_snapshot,,25512299,account-evidence-v1,2026-07-11T22:16:06.660478+00:00
1,0x4cf670fbd94a55891a051903c45c087eaa8eeb7a,eoa_candidate,no_code,0,25512299,2026-07-11T22:16:06.660478+00:00,,,not_checked,,,,,,,,,,,,,,,,,partial,erc4337_not_checked|no_code_observed|safe_not_checked,legacy_code_snapshot,,25512299,account-evidence-v1,2026-07-11T22:16:06.660478+00:00
1,0x4d3a56a5ab85d5d48b5e49ebacbdd236aa7bf251,eoa_candidate,no_code,0,25512299,2026-07-11T22:16:06.660478+00:00,,,not_checked,,,,,,,,,,,,,,,,,partial,erc4337_not_checked|no_code_observed|safe_not_checked,legacy_code_snapshot,,25512299,account-evidence-v1,2026-07-11T22:16:06.660478+00:00
1,0x4d4b2b0b64a055a107feee8d7b0111ac1f77aa3f,contract,contract_code,11293,25512299,2026-07-11T22:16:06.660478+00:00,,,not_checked,,,,,,,,,,,,,,,,,partial,contract_code_observed|erc4337_not_checked|safe_not_checked,legacy_code_snapshot,,25512299,account-evidence-v1,2026-07-11T22:16:06.660478+00:00
1,0x4da477ee6640dd6c1270dfff1db0252b6157520d,eoa_candidate,no_code,0,25512299,2026-07-11T22:16:06.660478+00:00,,,not_checked,,,,,,,,,,,,,,,,,partial,erc4337_not_checked|no_code_observed|safe_not_checked,legacy_code_snapshot,,25512299,account-evidence-v1,2026-07-11T22:16:06.660478+00:00
1,0x4db09171350be4f317a67223825abecc65482e32,contract,contract_code,23,25512299,2026-07-11T22:16:06.660478+00:00,,,not_checked,,,,,,,,,,,,,,,,,partial,contract_code_observed|erc4337_not_checked|safe_not_checked,legacy_code_snapshot,,25512299,account-evidence-v1,2026-07-11T22:16:06.660478+00:00
1,0x4e6527098ff6371a53d16585e38521fafe011266,eoa_candidate,no_code,0,25512299,2026-07-11T22:16:06.660478+00:00,,,not_checked,,,,,,,,,,,,,,,,,partial,erc4337_not_checked|no_code_observed|safe_not_checked,legacy_code_snapshot,,25512299,account-evidence-v1,2026-07-11T22:16:06.660478+00:00
1,0x4ec8264b52c79d09b613688369503a50af302241,eoa_candidate,no_code,0,25512299,2026-07-11T22:16:06.660478+00:00,,,not_checked,,,,,,,,,,,,,,,,,partial,erc4337_not_checked|no_code_observed|safe_not_checked,legacy_code_snapshot,,25512299,account-evidence-v1,2026-07-11T22:16:06.660478+00:00
1,0x4f304b3def8092ad9960dc992cbd3dd4d302b83e,contract,contract_code,11293,25512299,2026-07-11T22:16:06.660478+00:00,,,not_checked,,,,,,,,,,,,,,,,,partial,contract_code_observed|erc4337_not_checked|safe_not_checked,legacy_code_snapshot,,25512299,account-evidence-v1,2026-07-11T22:16:06.660478+00:00
1,0x4faf9c9c0d4e3920cb09d5ab88176be5abeca2b2,contract,contract_code,9079,25512299,2026-07-11T22:16:06.660478+00:00,,,not_checked,,,,,,,,,,,,,,,,,partial,contract_code_observed|erc4337_not_checked|safe_not_checked,legacy_code_snapshot,,25512299,account-evidence-v1,2026-07-11T22:16:06.660478+00:00
1,0x4fb4890f28f74a48f65e737d5d9e5e629ea34754,eoa_candidate,no_code,0,25512299,2026-07-11T22:16:06.660478+00:00,,,not_checked,,,,,,,,,,,,,,,,,partial,erc4337_not_checked|no_code_observed|safe_not_checked,legacy_code_snapshot,,25512299,account-evidence-v1,2026-07-11T22:16:06.660478+00:00
1,0x502f2a95a2647aec969af7c93239bcf4b9ae5849,eoa_candidate,no_code,0,25512299,2026-07-11T22:16:06.660478+00:00,,,not_checked,,,,,,,,,,,,,,,,,partial,erc4337_not_checked|no_code_observed|safe_not_checked,legacy_code_snapshot,,25512299,account-evidence-v1,2026-07-11T22:16:06.660478+00:00
1,0x50ae9c06ac42af9d610ffd94eeb6e2f039d819d1,eoa_candidate,no_code,0,25512299,2026-07-11T22:16:06.660478+00:00,,,not_checked,,,,,,,,,,,,,,,,,partial,erc4337_not_checked|no_code_observed|safe_not_checked,legacy_code_snapshot,,25512299,account-evidence-v1,2026-07-11T22:16:06.660478+00:00
1,0x50b94ded5b55c2edba45be55aeb3c74266590d3f,eoa_candidate,no_code,0,25512299,2026-07-11T22:16:06.660478+00:00,,,not_checked,,,,,,,,,,,,,,,,,partial,erc4337_not_checked|no_code_observed|safe_not_checked,legacy_code_snapshot,,25512299,account-evidence-v1,2026-07-11T22:16:06.660478+00:00
1,0x5144741aa2c5fceae9dc8a61e0af886e9e906bea,eoa_candidate,no_code,0,25512299,2026-07-11T22:16:06.660478+00:00,,,not_checked,,,,,,,,,,,,,,,,,partial,erc4337_not_checked|no_code_observed|safe_not_checked,legacy_code_snapshot,,25512299,account-evidence-v1,2026-07-11T22:16:06.660478+00:00
1,0x519a720410c9f959bd01e4fb4eab029e69531d73,eoa_candidate,no_code,0,25512299,2026-07-11T22:16:06.660478+00:00,,,not_checked,,,,,,,,,,,,,,,,,partial,erc4337_not_checked|no_code_observed|safe_not_checked,legacy_code_snapshot,,25512299,account-evidence-v1,2026-07-11T22:16:06.660478+00:00
1,0x51e53660f70ce1b801a2cd724f22dbaa9c2b8a14,contract,contract_code,11293,25512299,2026-07-11T22:16:06.660478+00:00,,,not_checked,,,,,,,,,,,,,,,,,partial,contract_code_observed|erc4337_not_checked|safe_not_checked,legacy_code_snapshot,,25512299,account-evidence-v1,2026-07-11T22:16:06.660478+00:00
1,0x522a5aad96bdcfc6849829b11bb2b783a79f7595,eoa_candidate,no_code,0,25512299,2026-07-11T22:16:06.660478+00:00,,,not_checked,,,,,,,,,,,,,,,,,partial,erc4337_not_checked|no_code_observed|safe_not_checked,legacy_code_snapshot,,25512299,account-evidence-v1,2026-07-11T22:16:06.660478+00:00
1,0x52334decc1c93cfc38d535ab1460f7725540b231,eoa_candidate,no_code,0,25512299,2026-07-11T22:16:06.660478+00:00,,,not_checked,,,,,,,,,,,,,,,,,partial,erc4337_not_checked|no_code_observed|safe_not_checked,legacy_code_snapshot,,25512299,account-evidence-v1,2026-07-11T22:16:06.660478+00:00
1,0x52536ad5c211e7eeaa5479d4c63543ad4d778df5,eoa_candidate,no_code,0,25512299,2026-07-11T22:16:06.660478+00:00,,,not_checked,,,,,,,,,,,,,,,,,partial,erc4337_not_checked|no_code_observed|safe_not_checked,legacy_code_snapshot,,25512299,account-evidence-v1,2026-07-11T22:16:06.660478+00:00
1,0x528f3840fbad570d84d9b42e00dc3ad0bccd7432,eoa_candidate,no_code,0,25512299,2026-07-11T22:16:06.660478+00:00,,,not_checked,,,,,,,,,,,,,,,,,partial,erc4337_not_checked|no_code_observed|safe_not_checked,legacy_code_snapshot,,25512299,account-evidence-v1,2026-07-11T22:16:06.660478+00:00
1,0x5296c58775a3fe31f5bdfbad2d6b20aa497a7286,eoa_candidate,no_code,0,25512299,2026-07-11T22:16:06.660478+00:00,,,not_checked,,,,,,,,,,,,,,,,,partial,erc4337_not_checked|no_code_observed|safe_not_checked,legacy_code_snapshot,,25512299,account-evidence-v1,2026-07-11T22:16:06.660478+00:00
1,0x52b6d3fd6ec83b658b94efc250833a8e2a092146,eoa_candidate,no_code,0,25512299,2026-07-11T22:16:06.660478+00:00,,,not_checked,,,,,,,,,,,,,,,,,partial,erc4337_not_checked|no_code_observed|safe_not_checked,legacy_code_snapshot,,25512299,account-evidence-v1,2026-07-11T22:16:06.660478+00:00
1,0x52b79284f9337e3e4d11d7b961ff6a21af37fc52,contract,contract_code,11293,25512299,2026-07-11T22:16:06.660478+00:00,,,not_checked,,,,,,,,,,,,,,,,,partial,contract_code_observed|erc4337_not_checked|safe_not_checked,legacy_code_snapshot,,25512299,account-evidence-v1,2026-07-11T22:16:06.660478+00:00
1,0x52e34eae33420f24c63b86e1a12e28b1e9a81d05,eoa_candidate,no_code,0,25512299,2026-07-11T22:16:06.660478+00:00,,,not_checked,,,,,,,,,,,,,,,,,partial,erc4337_not_checked|no_code_observed|safe_not_checked,legacy_code_snapshot,,25512299,account-evidence-v1,2026-07-11T22:16:06.660478+00:00
1,0x53a6afae4e33de020899e8c5a5c0cd231c1d009d,eoa_candidate,no_code,0,25512299,2026-07-11T22:16:06.660478+00:00,,,not_checked,,,,,,,,,,,,,,,,,partial,erc4337_not_checked|no_code_observed|safe_not_checked,legacy_code_snapshot,,25512299,account-evidence-v1,2026-07-11T22:16:06.660478+00:00
1,0x53c85ab07929c79092eecfddf71e709ee47c7cb5,eoa_candidate,no_code,0,25512299,2026-07-11T22:16:06.660478+00:00,,,not_checked,,,,,,,,,,,,,,,,,partial,erc4337_not_checked|no_code_observed|safe_not_checked,legacy_code_snapshot,,25512299,account-evidence-v1,2026-07-11T22:16:06.660478+00:00
1,0x53ddbcdfd4db2f60c8846ac9446d1866ba13ddac,eoa_candidate,no_code,0,25512299,2026-07-11T22:16:06.660478+00:00,,,not_checked,,,,,,,,,,,,,,,,,partial,erc4337_not_checked|no_code_observed|safe_not_checked,legacy_code_snapshot,,25512299,account-evidence-v1,2026-07-11T22:16:06.660478+00:00
1,0x53df161b1511230bca1f3732034dca10e27066b8,eoa_candidate,no_code,0,25512299,2026-07-11T22:16:06.660478+00:00,,,not_checked,,,,,,,,,,,,,,,,,partial,erc4337_not_checked|no_code_observed|safe_not_checked,legacy_code_snapshot,,25512299,account-evidence-v1,2026-07-11T22:16:06.660478+00:00
1,0x54114665f5f066b204adfd28c618924ccaf4b43a,eoa_candidate,no_code,0,25512299,2026-07-11T22:16:06.660478+00:00,,,not_checked,,,,,,,,,,,,,,,,,partial,erc4337_not_checked|no_code_observed|safe_not_checked,legacy_code_snapshot,,25512299,account-evidence-v1,2026-07-11T22:16:06.660478+00:00
1,0x541789c2c3e23f04d05c5f5a5151049757041205,eoa_candidate,no_code,0,25512299,2026-07-11T22:16:06.660478+00:00,,,not_checked,,,,,,,,,,,,,,,,,partial,erc4337_not_checked|no_code_observed|safe_not_checked,legacy_code_snapshot,,25512299,account-evidence-v1,2026-07-11T22:16:06.660478+00:00
1,0x541b56e2f7ea72788959ec81d1c8d86ed90ef02f,contract,contract_code,11293,25512299,2026-07-11T22:16:06.660478+00:00,,,not_checked,,,,,,,,,,,,,,,,,partial,contract_code_observed|erc4337_not_checked|safe_not_checked,legacy_code_snapshot,,25512299,account-evidence-v1,2026-07-11T22:16:06.660478+00:00
1,0x5436afc1dc10b66a1dbbfe6900726dc69debb837,contract,contract_code,11293,25512299,2026-07-11T22:16:06.660478+00:00,,,not_checked,,,,,,,,,,,,,,,,,partial,contract_code_observed|erc4337_not_checked|safe_not_checked,legacy_code_snapshot,,25512299,account-evidence-v1,2026-07-11T22:16:06.660478+00:00
1,0x543a24cd05de7e1ee0ece3908c22833cc0493dee,eoa_candidate,no_code,0,25512299,2026-07-11T22:16:06.660478+00:00,,,not_checked,,,,,,,,,,,,,,,,,partial,erc4337_not_checked|no_code_observed|safe_not_checked,legacy_code_snapshot,,25512299,account-evidence-v1,2026-07-11T22:16:06.660478+00:00
1,0x54919f4a7682c206b949227c4f1d2006336a8455,eoa_candidate,no_code,0,25512299,2026-07-11T22:16:06.660478+00:00,,,not_checked,,,,,,,,,,,,,,,,,partial,erc4337_not_checked|no_code_observed|safe_not_checked,legacy_code_snapshot,,25512299,account-evidence-v1,2026-07-11T22:16:06.660478+00:00
1,0x549519919419a15643cf55dd36c26bca38c4b856,eoa_candidate,no_code,0,25512299,2026-07-11T22:16:06.660478+00:00,,,not_checked,,,,,,,,,,,,,,,,,partial,erc4337_not_checked|no_code_observed|safe_not_checked,legacy_code_snapshot,,25512299,account-evidence-v1,2026-07-11T22:16:06.660478+00:00
1,0x54dbb91cdb429dc74946a5a413355260ea286299,contract,contract_code,11293,25512299,2026-07-11T22:16:06.660478+00:00,,,not_checked,,,,,,,,,,,,,,,,,partial,contract_code_observed|erc4337_not_checked|safe_not_checked,legacy_code_snapshot,,25512299,account-evidence-v1,2026-07-11T22:16:06.660478+00:00
1,0x5548584d74f7b5bd5ed8016755bc1de27aa35621,eoa_candidate,no_code,0,25512299,2026-07-11T22:16:06.660478+00:00,,,not_checked,,,,,,,,,,,,,,,,,partial,erc4337_not_checked|no_code_observed|safe_not_checked,legacy_code_snapshot,,25512299,account-evidence-v1,2026-07-11T22:16:06.660478+00:00
1,0x555b6ee8fab3dfdbcca9121721c435fd4c7a1fd1,contract,contract_code,11865,25512299,2026-07-11T22:16:06.660478+00:00,,,not_checked,,,,,,,,,,,,,,,,,partial,contract_code_observed|erc4337_not_checked|safe_not_checked,legacy_code_snapshot,,25512299,account-evidence-v1,2026-07-11T22:16:06.660478+00:00
1,0x5562ab9a834bd1f9f1d08cdf13164663a9cb1284,contract,contract_code,11293,25512299,2026-07-11T22:16:06.660478+00:00,,,not_checked,,,,,,,,,,,,,,,,,partial,contract_code_observed|erc4337_not_checked|safe_not_checked,legacy_code_snapshot,,25512299,account-evidence-v1,2026-07-11T22:16:06.660478+00:00
1,0x55e0aa095cfd951351db7b7dabd745d1ba57aba1,eoa_candidate,no_code,0,25512299,2026-07-11T22:16:06.660478+00:00,,,not_checked,,,,,,,,,,,,,,,,,partial,erc4337_not_checked|no_code_observed|safe_not_checked,legacy_code_snapshot,,25512299,account-evidence-v1,2026-07-11T22:16:06.660478+00:00
1,0x55f6c50d82a94d9500956b850d8df255e4c8eb69,eoa_candidate,no_code,0,25512299,2026-07-11T22:16:06.660478+00:00,,,not_checked,,,,,,,,,,,,,,,,,partial,erc4337_not_checked|no_code_observed|safe_not_checked,legacy_code_snapshot,,25512299,account-evidence-v1,2026-07-11T22:16:06.660478+00:00
1,0x5607f96d4f0088833a10377f7f43eb19bc24b171,eoa_candidate,no_code,0,25512299,2026-07-11T22:16:06.660478+00:00,,,not_checked,,,,,,,,,,,,,,,,,partial,erc4337_not_checked|no_code_observed|safe_not_checked,legacy_code_snapshot,,25512299,account-evidence-v1,2026-07-11T22:16:06.660478+00:00
1,0x562a7aba0bce8821355b499b67629049c9fafea4,eoa_candidate,no_code,0,25512299,2026-07-11T22:16:06.660478+00:00,,,not_checked,,,,,,,,,,,,,,,,,partial,erc4337_not_checked|no_code_observed|safe_not_checked,legacy_code_snapshot,,25512299,account-evidence-v1,2026-07-11T22:16:06.660478+00:00
1,0x56778de2aa6a88b6c35a05355c47c7cd93f754bc,eoa_candidate,no_code,0,25512299,2026-07-11T22:16:06.660478+00:00,,,not_checked,,,,,,,,,,,,,,,,,partial,erc4337_not_checked|no_code_observed|safe_not_checked,legacy_code_snapshot,,25512299,account-evidence-v1,2026-07-11T22:16:06.660478+00:00
1,0x56b12ff446d8e5911f7900b163b3189ecf7c3b90,eoa_candidate,no_code,0,25512299,2026-07-11T22:16:06.660478+00:00,,,not_checked,,,,,,,,,,,,,,,,,partial,erc4337_not_checked|no_code_observed|safe_not_checked,legacy_code_snapshot,,25512299,account-evidence-v1,2026-07-11T22:16:06.660478+00:00
1,0x56eddb7aa87536c09ccc2793473599fd21a8b17f,eoa_candidate,no_code,0,25512299,2026-07-11T22:16:06.660478+00:00,,,not_checked,,,,,,,,,,,,,,,,,partial,erc4337_not_checked|no_code_observed|safe_not_checked,legacy_code_snapshot,,25512299,account-evidence-v1,2026-07-11T22:16:06.660478+00:00
1,0x5722d1539c150458d603e7152652aee91f98bb26,contract,contract_code,11293,25512299,2026-07-11T22:16:06.660478+00:00,,,not_checked,,,,,,,,,,,,,,,,,partial,contract_code_observed|erc4337_not_checked|safe_not_checked,legacy_code_snapshot,,25512299,account-evidence-v1,2026-07-11T22:16:06.660478+00:00
1,0x5773c081bf42eabce9e335a23e98073e0c304bbf,eoa_candidate,no_code,0,25512299,2026-07-11T22:16:06.660478+00:00,,,not_checked,,,,,,,,,,,,,,,,,partial,erc4337_not_checked|no_code_observed|safe_not_checked,legacy_code_snapshot,,25512299,account-evidence-v1,2026-07-11T22:16:06.660478+00:00
1,0x5778546900dcb0a20d8dfdd7c68f70b7e3e4052d,eoa_candidate,no_code,0,25512299,2026-07-11T22:16:06.660478+00:00,,,not_checked,,,,,,,,,,,,,,,,,partial,erc4337_not_checked|no_code_observed|safe_not_checked,legacy_code_snapshot,,25512299,account-evidence-v1,2026-07-11T22:16:06.660478+00:00
1,0x57960ef420c7fd7ee04c179ff47338d6fe3315da,contract,contract_code,11293,25512299,2026-07-11T22:16:06.660478+00:00,,,not_checked,,,,,,,,,,,,,,,,,partial,contract_code_observed|erc4337_not_checked|safe_not_checked,legacy_code_snapshot,,25512299,account-evidence-v1,2026-07-11T22:16:06.660478+00:00
1,0x57e4c4b474aa9eb39ff636dbc997f54ef2225cbb,eoa_candidate,no_code,0,25512299,2026-07-11T22:16:06.660478+00:00,,,not_checked,,,,,,,,,,,,,,,,,partial,erc4337_not_checked|no_code_observed|safe_not_checked,legacy_code_snapshot,,25512299,account-evidence-v1,2026-07-11T22:16:06.660478+00:00
1,0x58033d073b93456f338f53b5df857c3eead5992f,eoa_candidate,no_code,0,25512299,2026-07-11T22:16:06.660478+00:00,,,not_checked,,,,,,,,,,,,,,,,,partial,erc4337_not_checked|no_code_observed|safe_not_checked,legacy_code_snapshot,,25512299,account-evidence-v1,2026-07-11T22:16:06.660478+00:00
1,0x5836f1ca21c20a3cba08c78030e239cd58fa137d,contract,contract_code,11293,25512299,2026-07-11T22:16:06.660478+00:00,,,not_checked,,,,,,,,,,,,,,,,,partial,contract_code_observed|erc4337_not_checked|safe_not_checked,legacy_code_snapshot,,25512299,account-evidence-v1,2026-07-11T22:16:06.660478+00:00
1,0x58902fcd5d274fbd92e9ec7f353511014bf17b6a,contract,contract_code,11293,25512299,2026-07-11T22:16:06.660478+00:00,,,not_checked,,,,,,,,,,,,,,,,,partial,contract_code_observed|erc4337_not_checked|safe_not_checked,legacy_code_snapshot,,25512299,account-evidence-v1,2026-07-11T22:16:06.660478+00:00
1,0x590969a1c1bd3724439102b969d3d9e3502b9825,eoa_candidate,no_code,0,25512299,2026-07-11T22:16:06.660478+00:00,,,not_checked,,,,,,,,,,,,,,,,,partial,erc4337_not_checked|no_code_observed|safe_not_checked,legacy_code_snapshot,,25512299,account-evidence-v1,2026-07-11T22:16:06.660478+00:00
1,0x5918473ad8fa4e6177954877696f758524440a0a,contract,contract_code,11293,25512299,2026-07-11T22:16:06.660478+00:00,,,not_checked,,,,,,,,,,,,,,,,,partial,contract_code_observed|erc4337_not_checked|safe_not_checked,legacy_code_snapshot,,25512299,account-evidence-v1,2026-07-11T22:16:06.660478+00:00
1,0x59309a9822532c1199f387572ae1e0ff1276e7f9,contract,contract_code,5703,25512299,2026-07-11T22:16:06.660478+00:00,,,not_checked,,,,,,,,,,,,,,,,,partial,contract_code_observed|erc4337_not_checked|safe_not_checked,legacy_code_snapshot,,25512299,account-evidence-v1,2026-07-11T22:16:06.660478+00:00
1,0x593c3501f6d4edf930705aed2b9debc55b10a364,eoa_candidate,no_code,0,25512299,2026-07-11T22:16:06.660478+00:00,,,not_checked,,,,,,,,,,,,,,,,,partial,erc4337_not_checked|no_code_observed|safe_not_checked,legacy_code_snapshot,,25512299,account-evidence-v1,2026-07-11T22:16:06.660478+00:00
1,0x59561c37f0fb647226b79c6336399b8a21c3047e,eoa_candidate,no_code,0,25512299,2026-07-11T22:16:06.660478+00:00,,,not_checked,,,,,,,,,,,,,,,,,partial,erc4337_not_checked|no_code_observed|safe_not_checked,legacy_code_snapshot,,25512299,account-evidence-v1,2026-07-11T22:16:06.660478+00:00
1,0x59abf3837fa962d6853b4cc0a19513aa031fd32b,eoa_candidate,no_code,0,25512299,2026-07-11T22:16:06.660478+00:00,,,not_checked,,,,,,,,,,,,,,,,,partial,erc4337_not_checked|no_code_observed|safe_not_checked,legacy_code_snapshot,,25512299,account-evidence-v1,2026-07-11T22:16:06.660478+00:00
1,0x59ac6a6944e078b780d14fe6d92dcc1ca9257bf0,contract,contract_code,2112,25512299,2026-07-11T22:16:06.660478+00:00,,,not_checked,,,,,,,,,,,,,,,,,partial,contract_code_observed|erc4337_not_checked|safe_not_checked,legacy_code_snapshot,,25512299,account-evidence-v1,2026-07-11T22:16:06.660478+00:00
1,0x59c84807f89356d9dc87fe92555bd75b77b63683,contract,contract_code,11293,25512299,2026-07-11T22:16:06.660478+00:00,,,not_checked,,,,,,,,,,,,,,,,,partial,contract_code_observed|erc4337_not_checked|safe_not_checked,legacy_code_snapshot,,25512299,account-evidence-v1,2026-07-11T22:16:06.660478+00:00
1,0x59f521bf9b61976511521dac3404ed8c888b77c3,eoa_candidate,no_code,0,25512299,2026-07-11T22:16:06.660478+00:00,,,not_checked,,,,,,,,,,,,,,,,,partial,erc4337_not_checked|no_code_observed|safe_not_checked,legacy_code_snapshot,,25512299,account-evidence-v1,2026-07-11T22:16:06.660478+00:00
1,0x5a7e075732363292aa093767c65f30883385f42d,contract,contract_code,11293,25512299,2026-07-11T22:16:06.660478+00:00,,,not_checked,,,,,,,,,,,,,,,,,partial,contract_code_observed|erc4337_not_checked|safe_not_checked,legacy_code_snapshot,,25512299,account-evidence-v1,2026-07-11T22:16:06.660478+00:00
1,0x5ace990e0176e40e470e2e039fac27f4ba4efeb8,contract,contract_code,11293,25512299,2026-07-11T22:16:06.660478+00:00,,,not_checked,,,,,,,,,,,,,,,,,partial,contract_code_observed|erc4337_not_checked|safe_not_checked,legacy_code_snapshot,,25512299,account-evidence-v1,2026-07-11T22:16:06.660478+00:00
1,0x5af7d6e225e742e995e50c201b936bd8016517be,contract,contract_code,11293,25512299,2026-07-11T22:16:06.660478+00:00,,,not_checked,,,,,,,,,,,,,,,,,partial,contract_code_observed|erc4337_not_checked|safe_not_checked,legacy_code_snapshot,,25512299,account-evidence-v1,2026-07-11T22:16:06.660478+00:00
1,0x5b031eb3027d79d9fa9f9b02e797e825920aa277,contract,contract_code,23,25512299,2026-07-11T22:16:06.660478+00:00,,,not_checked,,,,,,,,,,,,,,,,,partial,contract_code_observed|erc4337_not_checked|safe_not_checked,legacy_code_snapshot,,25512299,account-evidence-v1,2026-07-11T22:16:06.660478+00:00
1,0x5b5397711fe2d9d71048de1f2ef757b0c444fa68,eoa_candidate,no_code,0,25512299,2026-07-11T22:16:06.660478+00:00,,,not_checked,,,,,,,,,,,,,,,,,partial,erc4337_not_checked|no_code_observed|safe_not_checked,legacy_code_snapshot,,25512299,account-evidence-v1,2026-07-11T22:16:06.660478+00:00
1,0x5ba12ba97106b1ed3dbd6b2e866ff9d1d02227a2,contract,contract_code,11293,25512299,2026-07-11T22:16:06.660478+00:00,,,not_checked,,,,,,,,,,,,,,,,,partial,contract_code_observed|erc4337_not_checked|safe_not_checked,legacy_code_snapshot,,25512299,account-evidence-v1,2026-07-11T22:16:06.660478+00:00
1,0x5bc3629ea7a4877bbd53e9de43b78394f65e733e,eoa_candidate,no_code,0,25512299,2026-07-11T22:16:06.660478+00:00,,,not_checked,,,,,,,,,,,,,,,,,partial,erc4337_not_checked|no_code_observed|safe_not_checked,legacy_code_snapshot,,25512299,account-evidence-v1,2026-07-11T22:16:06.660478+00:00
1,0x5bc60af5e741a879412a78a4efc88ca901455297,eoa_candidate,no_code,0,25512299,2026-07-11T22:16:06.660478+00:00,,,not_checked,,,,,,,,,,,,,,,,,partial,erc4337_not_checked|no_code_observed|safe_not_checked,legacy_code_snapshot,,25512299,account-evidence-v1,2026-07-11T22:16:06.660478+00:00
1,0x5bdf85216ec1e38d6458c870992a69e38e03f7ef,eoa_candidate,no_code,0,25512299,2026-07-11T22:16:06.660478+00:00,,,not_checked,,,,,,,,,,,,,,,,,partial,erc4337_not_checked|no_code_observed|safe_not_checked,legacy_code_snapshot,,25512299,account-evidence-v1,2026-07-11T22:16:06.660478+00:00
1,0x5c05a60bd48a51cd2df1d063d5bfcc46a28c995e,eoa_candidate,no_code,0,25512299,2026-07-11T22:16:06.660478+00:00,,,not_checked,,,,,,,,,,,,,,,,,partial,erc4337_not_checked|no_code_observed|safe_not_checked,legacy_code_snapshot,,25512299,account-evidence-v1,2026-07-11T22:16:06.660478+00:00
1,0x5c27e238f4dfe604516ec839191074bbd5c50c33,eoa_candidate,no_code,0,25512299,2026-07-11T22:16:06.660478+00:00,,,not_checked,,,,,,,,,,,,,,,,,partial,erc4337_not_checked|no_code_observed|safe_not_checked,legacy_code_snapshot,,25512299,account-evidence-v1,2026-07-11T22:16:06.660478+00:00
1,0x5c2955abcd07ef444414dd9684b27538a8587ee0,eoa_candidate,no_code,0,25512299,2026-07-11T22:16:06.660478+00:00,,,not_checked,,,,,,,,,,,,,,,,,partial,erc4337_not_checked|no_code_observed|safe_not_checked,legacy_code_snapshot,,25512299,account-evidence-v1,2026-07-11T22:16:06.660478+00:00
1,0x5cc9db7f0ae351614e89a543b82f9ed04d45ca4e,eoa_candidate,no_code,0,25512299,2026-07-11T22:16:06.660478+00:00,,,not_checked,,,,,,,,,,,,,,,,,partial,erc4337_not_checked|no_code_observed|safe_not_checked,legacy_code_snapshot,,25512299,account-evidence-v1,2026-07-11T22:16:06.660478+00:00
1,0x5d17853316153b9bfc68c41cfe7238e46b24371e,eoa_candidate,no_code,0,25512299,2026-07-11T22:16:06.660478+00:00,,,not_checked,,,,,,,,,,,,,,,,,partial,erc4337_not_checked|no_code_observed|safe_not_checked,legacy_code_snapshot,,25512299,account-evidence-v1,2026-07-11T22:16:06.660478+00:00
1,0x5d4cc864717b9b3306975b9a511a6c24216f0753,eoa_candidate,no_code,0,25512299,2026-07-11T22:16:06.660478+00:00,,,not_checked,,,,,,,,,,,,,,,,,partial,erc4337_not_checked|no_code_observed|safe_not_checked,legacy_code_snapshot,,25512299,account-evidence-v1,2026-07-11T22:16:06.660478+00:00
1,0x5d5663c73ac9bde7174566dc9df208fcb49d0e01,eoa_candidate,no_code,0,25512299,2026-07-11T22:16:06.660478+00:00,,,not_checked,,,,,,,,,,,,,,,,,partial,erc4337_not_checked|no_code_observed|safe_not_checked,legacy_code_snapshot,,25512299,account-evidence-v1,2026-07-11T22:16:06.660478+00:00
1,0x5ddfce6c28b11db464a0c96fd844b45df68c252c,eoa_candidate,no_code,0,25512299,2026-07-11T22:16:06.660478+00:00,,,not_checked,,,,,,,,,,,,,,,,,partial,erc4337_not_checked|no_code_observed|safe_not_checked,legacy_code_snapshot,,25512299,account-evidence-v1,2026-07-11T22:16:06.660478+00:00
1,0x5e53e54b4a267f1d96af7b44a237072a21f7577a,eoa_candidate,no_code,0,25512299,2026-07-11T22:16:06.660478+00:00,,,not_checked,,,,,,,,,,,,,,,,,partial,erc4337_not_checked|no_code_observed|safe_not_checked,legacy_code_snapshot,,25512299,account-evidence-v1,2026-07-11T22:16:06.660478+00:00
1,0x5e8304b5600cccba6d6292c6687ac9ead0ec6288,eoa_candidate,no_code,0,25512299,2026-07-11T22:16:06.660478+00:00,,,not_checked,,,,,,,,,,,,,,,,,partial,erc4337_not_checked|no_code_observed|safe_not_checked,legacy_code_snapshot,,25512299,account-evidence-v1,2026-07-11T22:16:06.660478+00:00
1,0x5ec63e6ad3e97d846df63bff3081e435dc8f7359,contract,contract_code,11293,25512299,2026-07-11T22:16:06.660478+00:00,,,not_checked,,,,,,,,,,,,,,,,,partial,contract_code_observed|erc4337_not_checked|safe_not_checked,legacy_code_snapshot,,25512299,account-evidence-v1,2026-07-11T22:16:06.660478+00:00
1,0x5ec899e93c9789bfdca398ff23438249e127f8e2,eoa_candidate,no_code,0,25512299,2026-07-11T22:16:06.660478+00:00,,,not_checked,,,,,,,,,,,,,,,,,partial,erc4337_not_checked|no_code_observed|safe_not_checked,legacy_code_snapshot,,25512299,account-evidence-v1,2026-07-11T22:16:06.660478+00:00
1,0x5f2dec5fdd32041c461e6cf5e99e58d9aefb87e2,eoa_candidate,no_code,0,25512299,2026-07-11T22:16:06.660478+00:00,,,not_checked,,,,,,,,,,,,,,,,,partial,erc4337_not_checked|no_code_observed|safe_not_checked,legacy_code_snapshot,,25512299,account-evidence-v1,2026-07-11T22:16:06.660478+00:00
1,0x5f4104a580f4b5413e1ce925dc6ff7184a7b6f71,eoa_candidate,no_code,0,25512299,2026-07-11T22:16:06.660478+00:00,,,not_checked,,,,,,,,,,,,,,,,,partial,erc4337_not_checked|no_code_observed|safe_not_checked,legacy_code_snapshot,,25512299,account-evidence-v1,2026-07-11T22:16:06.660478+00:00
1,0x5f749fe8ef88a9b832c85b07c0bf771e24369c4d,eoa_candidate,no_code,0,25512299,2026-07-11T22:16:06.660478+00:00,,,not_checked,,,,,,,,,,,,,,,,,partial,erc4337_not_checked|no_code_observed|safe_not_checked,legacy_code_snapshot,,25512299,account-evidence-v1,2026-07-11T22:16:06.660478+00:00
1,0x5fa015b9c331219ecd6a5d905062305d30d25ab0,contract,contract_code,11293,25512299,2026-07-11T22:16:06.660478+00:00,,,not_checked,,,,,,,,,,,,,,,,,partial,contract_code_observed|erc4337_not_checked|safe_not_checked,legacy_code_snapshot,,25512299,account-evidence-v1,2026-07-11T22:16:06.660478+00:00
1,0x6014caa4555647a0754848b9974b12cd45b7774c,eoa_candidate,no_code,0,25512299,2026-07-11T22:16:06.660478+00:00,,,not_checked,,,,,,,,,,,,,,,,,partial,erc4337_not_checked|no_code_observed|safe_not_checked,legacy_code_snapshot,,25512299,account-evidence-v1,2026-07-11T22:16:06.660478+00:00
1,0x6081258689a75d253d87ce902a8de3887239fe80,eoa_candidate,no_code,0,25512299,2026-07-11T22:16:06.660478+00:00,,,not_checked,,,,,,,,,,,,,,,,,partial,erc4337_not_checked|no_code_observed|safe_not_checked,legacy_code_snapshot,,25512299,account-evidence-v1,2026-07-11T22:16:06.660478+00:00
1,0x6131b5fae19ea4f9d964eac0408e4408b66337b5,contract,contract_code,18652,25512299,2026-07-11T22:16:06.660478+00:00,,,not_checked,,,,,,,,,,,,,,,,,partial,contract_code_observed|erc4337_not_checked|safe_not_checked,legacy_code_snapshot,,25512299,account-evidence-v1,2026-07-11T22:16:06.660478+00:00
1,0x614d9e550d9bfccd4e271710ca5eb5bc6e9552b9,eoa_candidate,no_code,0,25512299,2026-07-11T22:16:06.660478+00:00,,,not_checked,,,,,,,,,,,,,,,,,partial,erc4337_not_checked|no_code_observed|safe_not_checked,legacy_code_snapshot,,25512299,account-evidence-v1,2026-07-11T22:16:06.660478+00:00
1,0x6177556b3728d6103895999a929305719683b32d,eoa_candidate,no_code,0,25512299,2026-07-11T22:16:06.660478+00:00,,,not_checked,,,,,,,,,,,,,,,,,partial,erc4337_not_checked|no_code_observed|safe_not_checked,legacy_code_snapshot,,25512299,account-evidence-v1,2026-07-11T22:16:06.660478+00:00
1,0x61d82eb1248a5529c54075ced37d90bcf19a031f,contract,contract_code,11293,25512299,2026-07-11T22:16:06.660478+00:00,,,not_checked,,,,,,,,,,,,,,,,,partial,contract_code_observed|erc4337_not_checked|safe_not_checked,legacy_code_snapshot,,25512299,account-evidence-v1,2026-07-11T22:16:06.660478+00:00
1,0x6265414e09e78c20ab1ffee486b192024f843a63,eoa_candidate,no_code,0,25512299,2026-07-11T22:16:06.660478+00:00,,,not_checked,,,,,,,,,,,,,,,,,partial,erc4337_not_checked|no_code_observed|safe_not_checked,legacy_code_snapshot,,25512299,account-evidence-v1,2026-07-11T22:16:06.660478+00:00
1,0x628b557943f8bc352cbeb3ce6b22dff98d3620f5,eoa_candidate,no_code,0,25512299,2026-07-11T22:16:06.660478+00:00,,,not_checked,,,,,,,,,,,,,,,,,partial,erc4337_not_checked|no_code_observed|safe_not_checked,legacy_code_snapshot,,25512299,account-evidence-v1,2026-07-11T22:16:06.660478+00:00
1,0x6291f8c501f7b55ba20e8aa0a64855097cd9c887,contract,contract_code,11293,25512299,2026-07-11T22:16:06.660478+00:00,,,not_checked,,,,,,,,,,,,,,,,,partial,contract_code_observed|erc4337_not_checked|safe_not_checked,legacy_code_snapshot,,25512299,account-evidence-v1,2026-07-11T22:16:06.660478+00:00
1,0x62a38d426cd5b2302f629ddcac6ba86e4d2bc997,contract,contract_code,11293,25512299,2026-07-11T22:16:06.660478+00:00,,,not_checked,,,,,,,,,,,,,,,,,partial,contract_code_observed|erc4337_not_checked|safe_not_checked,legacy_code_snapshot,,25512299,account-evidence-v1,2026-07-11T22:16:06.660478+00:00
1,0x62c7bc75ec8b387cce3e0061afb5ca749b61ce1e,eoa_candidate,no_code,0,25512299,2026-07-11T22:16:06.660478+00:00,,,not_checked,,,,,,,,,,,,,,,,,partial,erc4337_not_checked|no_code_observed|safe_not_checked,legacy_code_snapshot,,25512299,account-evidence-v1,2026-07-11T22:16:06.660478+00:00
1,0x62ebc5d628acc8b52e265f488c105119edacd69d,eoa_candidate,no_code,0,25512299,2026-07-11T22:16:06.660478+00:00,,,not_checked,,,,,,,,,,,,,,,,,partial,erc4337_not_checked|no_code_observed|safe_not_checked,legacy_code_snapshot,,25512299,account-evidence-v1,2026-07-11T22:16:06.660478+00:00
1,0x633a63996dc225d6ff626423ccccbf03cce98788,eoa_candidate,no_code,0,25512299,2026-07-11T22:16:06.660478+00:00,,,not_checked,,,,,,,,,,,,,,,,,partial,erc4337_not_checked|no_code_observed|safe_not_checked,legacy_code_snapshot,,25512299,account-evidence-v1,2026-07-11T22:16:06.660478+00:00
1,0x63724ff68949a0a67dede468c586cefe24007683,contract,contract_code,11293,25512299,2026-07-11T22:16:06.660478+00:00,,,not_checked,,,,,,,,,,,,,,,,,partial,contract_code_observed|erc4337_not_checked|safe_not_checked,legacy_code_snapshot,,25512299,account-evidence-v1,2026-07-11T22:16:06.660478+00:00
1,0x6379171ff58f7b20a37f0aa51ca4419f709bae71,contract,contract_code,11293,25512299,2026-07-11T22:16:06.660478+00:00,,,not_checked,,,,,,,,,,,,,,,,,partial,contract_code_observed|erc4337_not_checked|safe_not_checked,legacy_code_snapshot,,25512299,account-evidence-v1,2026-07-11T22:16:06.660478+00:00
1,0x63bf83c11c50627f44119336a3c2f616b7c65228,contract,contract_code,23,25512299,2026-07-11T22:16:06.660478+00:00,,,not_checked,,,,,,,,,,,,,,,,,partial,contract_code_observed|erc4337_not_checked|safe_not_checked,legacy_code_snapshot,,25512299,account-evidence-v1,2026-07-11T22:16:06.660478+00:00
1,0x64413fc2a1cbdf27043f7ebacb36778687b07056,contract,contract_code,5834,25512299,2026-07-11T22:16:06.660478+00:00,,,not_checked,,,,,,,,,,,,,,,,,partial,contract_code_observed|erc4337_not_checked|safe_not_checked,legacy_code_snapshot,,25512299,account-evidence-v1,2026-07-11T22:16:06.660478+00:00
1,0x6455327f820edd69c4cd665b995e0fec679d7f9e,eoa_candidate,no_code,0,25512299,2026-07-11T22:16:06.660478+00:00,,,not_checked,,,,,,,,,,,,,,,,,partial,erc4337_not_checked|no_code_observed|safe_not_checked,legacy_code_snapshot,,25512299,account-evidence-v1,2026-07-11T22:16:06.660478+00:00
1,0x645fdc6311d30d78a85dcf2857fc435045f64057,eoa_candidate,no_code,0,25512299,2026-07-11T22:16:06.660478+00:00,,,not_checked,,,,,,,,,,,,,,,,,partial,erc4337_not_checked|no_code_observed|safe_not_checked,legacy_code_snapshot,,25512299,account-evidence-v1,2026-07-11T22:16:06.660478+00:00
1,0x649b7292ad384482c4a52e1e31b16a5c0866f445,contract,contract_code,11293,25512299,2026-07-11T22:16:06.660478+00:00,,,not_checked,,,,,,,,,,,,,,,,,partial,contract_code_observed|erc4337_not_checked|safe_not_checked,legacy_code_snapshot,,25512299,account-evidence-v1,2026-07-11T22:16:06.660478+00:00
1,0x6539218b3607eddd5e4d7e5bb7efe0ac4bb285d5,eoa_candidate,no_code,0,25512299,2026-07-11T22:16:06.660478+00:00,,,not_checked,,,,,,,,,,,,,,,,,partial,erc4337_not_checked|no_code_observed|safe_not_checked,legacy_code_snapshot,,25512299,account-evidence-v1,2026-07-11T22:16:06.660478+00:00
1,0x653db6ff93adc99d8f1d73afc8e8c6e085ac4b59,contract,contract_code,11293,25512299,2026-07-11T22:16:06.660478+00:00,,,not_checked,,,,,,,,,,,,,,,,,partial,contract_code_observed|erc4337_not_checked|safe_not_checked,legacy_code_snapshot,,25512299,account-evidence-v1,2026-07-11T22:16:06.660478+00:00
1,0x65687f5df761067471f762c705da6b6d3a6570eb,contract,contract_code,11293,25512299,2026-07-11T22:16:06.660478+00:00,,,not_checked,,,,,,,,,,,,,,,,,partial,contract_code_observed|erc4337_not_checked|safe_not_checked,legacy_code_snapshot,,25512299,account-evidence-v1,2026-07-11T22:16:06.660478+00:00
1,0x6571fdc9b7aa620e2b3aff392ce97fe7eea61095,eoa_candidate,no_code,0,25512299,2026-07-11T22:16:06.660478+00:00,,,not_checked,,,,,,,,,,,,,,,,,partial,erc4337_not_checked|no_code_observed|safe_not_checked,legacy_code_snapshot,,25512299,account-evidence-v1,2026-07-11T22:16:06.660478+00:00
1,0x65b502fe7701116818a2d30c04e7130ebd873c02,contract,contract_code,11293,25512299,2026-07-11T22:16:06.660478+00:00,,,not_checked,,,,,,,,,,,,,,,,,partial,contract_code_observed|erc4337_not_checked|safe_not_checked,legacy_code_snapshot,,25512299,account-evidence-v1,2026-07-11T22:16:06.660478+00:00
1,0x66077bd61170f36d4ddb543e0aad744a8da6fa93,eoa_candidate,no_code,0,25512299,2026-07-11T22:16:06.660478+00:00,,,not_checked,,,,,,,,,,,,,,,,,partial,erc4337_not_checked|no_code_observed|safe_not_checked,legacy_code_snapshot,,25512299,account-evidence-v1,2026-07-11T22:16:06.660478+00:00
1,0x6633ee51a2af0cf971ba840818446c7385088294,eoa_candidate,no_code,0,25512299,2026-07-11T22:16:06.660478+00:00,,,not_checked,,,,,,,,,,,,,,,,,partial,erc4337_not_checked|no_code_observed|safe_not_checked,legacy_code_snapshot,,25512299,account-evidence-v1,2026-07-11T22:16:06.660478+00:00
1,0x664aac5fdbf541a5e81a13ab96771a340f4e4068,contract,contract_code,11293,25512299,2026-07-11T22:16:06.660478+00:00,,,not_checked,,,,,,,,,,,,,,,,,partial,contract_code_observed|erc4337_not_checked|safe_not_checked,legacy_code_snapshot,,25512299,account-evidence-v1,2026-07-11T22:16:06.660478+00:00
1,0x6669172746038c8a902e5306c29be1be4cdf49fb,eoa_candidate,no_code,0,25512299,2026-07-11T22:16:06.660478+00:00,,,not_checked,,,,,,,,,,,,,,,,,partial,erc4337_not_checked|no_code_observed|safe_not_checked,legacy_code_snapshot,,25512299,account-evidence-v1,2026-07-11T22:16:06.660478+00:00
1,0x666aec4b62b4180434e546c533aa9537864e5682,contract,contract_code,11293,25512299,2026-07-11T22:16:06.660478+00:00,,,not_checked,,,,,,,,,,,,,,,,,partial,contract_code_observed|erc4337_not_checked|safe_not_checked,legacy_code_snapshot,,25512299,account-evidence-v1,2026-07-11T22:16:06.660478+00:00
1,0x6684955a395336d198add0ba2e4e4370ca51a807,eoa_candidate,no_code,0,25512299,2026-07-11T22:16:06.660478+00:00,,,not_checked,,,,,,,,,,,,,,,,,partial,erc4337_not_checked|no_code_observed|safe_not_checked,legacy_code_snapshot,,25512299,account-evidence-v1,2026-07-11T22:16:06.660478+00:00
1,0x6689de3c6e08c2572623bd3758836a24883ec242,contract,contract_code,23,25512299,2026-07-11T22:16:06.660478+00:00,,,not_checked,,,,,,,,,,,,,,,,,partial,contract_code_observed|erc4337_not_checked|safe_not_checked,legacy_code_snapshot,,25512299,account-evidence-v1,2026-07-11T22:16:06.660478+00:00
1,0x669307b6de4f2eba6662448f7a81add3099a1357,eoa_candidate,no_code,0,25512299,2026-07-11T22:16:06.660478+00:00,,,not_checked,,,,,,,,,,,,,,,,,partial,erc4337_not_checked|no_code_observed|safe_not_checked,legacy_code_snapshot,,25512299,account-evidence-v1,2026-07-11T22:16:06.660478+00:00
1,0x669735809ff59029991d52435b274b1b18ade6a8,eoa_candidate,no_code,0,25512299,2026-07-11T22:16:06.660478+00:00,,,not_checked,,,,,,,,,,,,,,,,,partial,erc4337_not_checked|no_code_observed|safe_not_checked,legacy_code_snapshot,,25512299,account-evidence-v1,2026-07-11T22:16:06.660478+00:00
1,0x66a9893cc07d91d95644aedd05d03f95e1dba8af,contract,contract_code,19499,25512299,2026-07-11T22:16:06.660478+00:00,,,not_checked,,,,,,,,,,,,,,,,,partial,contract_code_observed|erc4337_not_checked|safe_not_checked,legacy_code_snapshot,,25512299,account-evidence-v1,2026-07-11T22:16:06.660478+00:00
1,0x66c19e3612efa7b18c18ee4d75a8aae1d7902225,eoa_candidate,no_code,0,25512299,2026-07-11T22:16:06.660478+00:00,,,not_checked,,,,,,,,,,,,,,,,,partial,erc4337_not_checked|no_code_observed|safe_not_checked,legacy_code_snapshot,,25512299,account-evidence-v1,2026-07-11T22:16:06.660478+00:00
1,0x66d015fe25a2bebe9ef29dc9a50e8d5f77101d18,eoa_candidate,no_code,0,25512299,2026-07-11T22:16:06.660478+00:00,,,not_checked,,,,,,,,,,,,,,,,,partial,erc4337_not_checked|no_code_observed|safe_not_checked,legacy_code_snapshot,,25512299,account-evidence-v1,2026-07-11T22:16:06.660478+00:00
1,0x66d0c3fe243714f90b50be2dfb2540a6f8c7894c,contract,contract_code,11293,25512299,2026-07-11T22:16:06.660478+00:00,,,not_checked,,,,,,,,,,,,,,,,,partial,contract_code_observed|erc4337_not_checked|safe_not_checked,legacy_code_snapshot,,25512299,account-evidence-v1,2026-07-11T22:16:06.660478+00:00
1,0x672f9bdaac8cb33d389f706587374a1936b980e5,contract,contract_code,11293,25512299,2026-07-11T22:16:06.660478+00:00,,,not_checked,,,,,,,,,,,,,,,,,partial,contract_code_observed|erc4337_not_checked|safe_not_checked,legacy_code_snapshot,,25512299,account-evidence-v1,2026-07-11T22:16:06.660478+00:00
1,0x67571422b15dc348f4f09bc07d165671c8389e7e,eoa_candidate,no_code,0,25512299,2026-07-11T22:16:06.660478+00:00,,,not_checked,,,,,,,,,,,,,,,,,partial,erc4337_not_checked|no_code_observed|safe_not_checked,legacy_code_snapshot,,25512299,account-evidence-v1,2026-07-11T22:16:06.660478+00:00
1,0x680b0aa2ff11091472e2e49c8dc346a4ebec2340,eoa_candidate,no_code,0,25512299,2026-07-11T22:16:06.660478+00:00,,,not_checked,,,,,,,,,,,,,,,,,partial,erc4337_not_checked|no_code_observed|safe_not_checked,legacy_code_snapshot,,25512299,account-evidence-v1,2026-07-11T22:16:06.660478+00:00
1,0x684de6fa01cf13f23fd9d87b1162d2735dc254d6,contract,contract_code,11293,25512299,2026-07-11T22:16:06.660478+00:00,,,not_checked,,,,,,,,,,,,,,,,,partial,contract_code_observed|erc4337_not_checked|safe_not_checked,legacy_code_snapshot,,25512299,account-evidence-v1,2026-07-11T22:16:06.660478+00:00
1,0x68507068a93b3a0f07db3f3a7e76a051fe477975,contract,contract_code,11293,25512299,2026-07-11T22:16:06.660478+00:00,,,not_checked,,,,,,,,,,,,,,,,,partial,contract_code_observed|erc4337_not_checked|safe_not_checked,legacy_code_snapshot,,25512299,account-evidence-v1,2026-07-11T22:16:06.660478+00:00
1,0x688b6731ea3764b0b586978e0c2ac99388887789,eoa_candidate,no_code,0,25512299,2026-07-11T22:16:06.660478+00:00,,,not_checked,,,,,,,,,,,,,,,,,partial,erc4337_not_checked|no_code_observed|safe_not_checked,legacy_code_snapshot,,25512299,account-evidence-v1,2026-07-11T22:16:06.660478+00:00
1,0x688e50cc6c70256ef896a22fdddb785f419b8c8b,contract,contract_code,11293,25512299,2026-07-11T22:16:06.660478+00:00,,,not_checked,,,,,,,,,,,,,,,,,partial,contract_code_observed|erc4337_not_checked|safe_not_checked,legacy_code_snapshot,,25512299,account-evidence-v1,2026-07-11T22:16:06.660478+00:00
1,0x68c05cb76f29168e6b64bb64c552aa68ea52d84a,eoa_candidate,no_code,0,25512299,2026-07-11T22:16:06.660478+00:00,,,not_checked,,,,,,,,,,,,,,,,,partial,erc4337_not_checked|no_code_observed|safe_not_checked,legacy_code_snapshot,,25512299,account-evidence-v1,2026-07-11T22:16:06.660478+00:00
1,0x68db02240b9fd70e38656d2f252f6363737ecdd4,eoa_candidate,no_code,0,25512299,2026-07-11T22:16:06.660478+00:00,,,not_checked,,,,,,,,,,,,,,,,,partial,erc4337_not_checked|no_code_observed|safe_not_checked,legacy_code_snapshot,,25512299,account-evidence-v1,2026-07-11T22:16:06.660478+00:00
1,0x69008288f99382f4fc3253ff8799961b932e3c55,eoa_candidate,no_code,0,25512299,2026-07-11T22:16:06.660478+00:00,,,not_checked,,,,,,,,,,,,,,,,,partial,erc4337_not_checked|no_code_observed|safe_not_checked,legacy_code_snapshot,,25512299,account-evidence-v1,2026-07-11T22:16:06.660478+00:00
1,0x69040979199b1750f2cff39a4a8eb22fb0c111d3,eoa_candidate,no_code,0,25512299,2026-07-11T22:16:06.660478+00:00,,,not_checked,,,,,,,,,,,,,,,,,partial,erc4337_not_checked|no_code_observed|safe_not_checked,legacy_code_snapshot,,25512299,account-evidence-v1,2026-07-11T22:16:06.660478+00:00
1,0x6937c34adb81ae4a72d056d76469152c8f21bf13,eoa_candidate,no_code,0,25512299,2026-07-11T22:16:06.660478+00:00,,,not_checked,,,,,,,,,,,,,,,,,partial,erc4337_not_checked|no_code_observed|safe_not_checked,legacy_code_snapshot,,25512299,account-evidence-v1,2026-07-11T22:16:06.660478+00:00
1,0x694f2c86a18f13898e37d2a89087eaaf6c5c48ee,eoa_candidate,no_code,0,25512299,2026-07-11T22:16:06.660478+00:00,,,not_checked,,,,,,,,,,,,,,,,,partial,erc4337_not_checked|no_code_observed|safe_not_checked,legacy_code_snapshot,,25512299,account-evidence-v1,2026-07-11T22:16:06.660478+00:00
1,0x6950cd46732d5f13d462e54d0d6c1af90cd76600,eoa_candidate,no_code,0,25512299,2026-07-11T22:16:06.660478+00:00,,,not_checked,,,,,,,,,,,,,,,,,partial,erc4337_not_checked|no_code_observed|safe_not_checked,legacy_code_snapshot,,25512299,account-evidence-v1,2026-07-11T22:16:06.660478+00:00
1,0x698725516b6759a1511482846a0d27bc872e3906,eoa_candidate,no_code,0,25512299,2026-07-11T22:16:06.660478+00:00,,,not_checked,,,,,,,,,,,,,,,,,partial,erc4337_not_checked|no_code_observed|safe_not_checked,legacy_code_snapshot,,25512299,account-evidence-v1,2026-07-11T22:16:06.660478+00:00
1,0x6a45c5fbd330bab4b2cfd12837b452770942a4e8,eoa_candidate,no_code,0,25512299,2026-07-11T22:16:06.660478+00:00,,,not_checked,,,,,,,,,,,,,,,,,partial,erc4337_not_checked|no_code_observed|safe_not_checked,legacy_code_snapshot,,25512299,account-evidence-v1,2026-07-11T22:16:06.660478+00:00
1,0x6b00372ab1ef47aa9a11c30ad42300a30a757159,contract,contract_code,23,25512299,2026-07-11T22:16:06.660478+00:00,,,not_checked,,,,,,,,,,,,,,,,,partial,contract_code_observed|erc4337_not_checked|safe_not_checked,legacy_code_snapshot,,25512299,account-evidence-v1,2026-07-11T22:16:06.660478+00:00
1,0x6b75d8af000000e20b7a7ddf000ba900b4009a80,contract,contract_code,13734,25512299,2026-07-11T22:16:06.660478+00:00,,,not_checked,,,,,,,,,,,,,,,,,partial,contract_code_observed|erc4337_not_checked|safe_not_checked,legacy_code_snapshot,,25512299,account-evidence-v1,2026-07-11T22:16:06.660478+00:00
1,0x6b82284a0cdb7549c002bad6b639fa3c50d37bb5,contract,contract_code,11293,25512299,2026-07-11T22:16:06.660478+00:00,,,not_checked,,,,,,,,,,,,,,,,,partial,contract_code_observed|erc4337_not_checked|safe_not_checked,legacy_code_snapshot,,25512299,account-evidence-v1,2026-07-11T22:16:06.660478+00:00
1,0x6bf078716cc2eed93b94f14049bcdf49c86b0457,contract,contract_code,11293,25512299,2026-07-11T22:16:06.660478+00:00,,,not_checked,,,,,,,,,,,,,,,,,partial,contract_code_observed|erc4337_not_checked|safe_not_checked,legacy_code_snapshot,,25512299,account-evidence-v1,2026-07-11T22:16:06.660478+00:00
1,0x6c31c5da7335fbb12c1c7daf6f02f6012d7c4e04,eoa_candidate,no_code,0,25512299,2026-07-11T22:16:06.660478+00:00,,,not_checked,,,,,,,,,,,,,,,,,partial,erc4337_not_checked|no_code_observed|safe_not_checked,legacy_code_snapshot,,25512299,account-evidence-v1,2026-07-11T22:16:06.660478+00:00
1,0x6c348b11245ac2a9ff9bbd74d235694d42b1de9b,contract,contract_code,11293,25512299,2026-07-11T22:16:06.660478+00:00,,,not_checked,,,,,,,,,,,,,,,,,partial,contract_code_observed|erc4337_not_checked|safe_not_checked,legacy_code_snapshot,,25512299,account-evidence-v1,2026-07-11T22:16:06.660478+00:00
1,0x6c5410c84bf0b329ee7472c47e2be5911428c819,eoa_candidate,no_code,0,25512299,2026-07-11T22:16:06.660478+00:00,,,not_checked,,,,,,,,,,,,,,,,,partial,erc4337_not_checked|no_code_observed|safe_not_checked,legacy_code_snapshot,,25512299,account-evidence-v1,2026-07-11T22:16:06.660478+00:00
1,0x6cecf959e3934f39da6d05ee94b07ae8b2c152e7,eoa_candidate,no_code,0,25512299,2026-07-11T22:16:06.660478+00:00,,,not_checked,,,,,,,,,,,,,,,,,partial,erc4337_not_checked|no_code_observed|safe_not_checked,legacy_code_snapshot,,25512299,account-evidence-v1,2026-07-11T22:16:06.660478+00:00
1,0x6d25eb10bc4d5dd9e596f2a5cc1e14923f47e190,eoa_candidate,no_code,0,25512299,2026-07-11T22:16:06.660478+00:00,,,not_checked,,,,,,,,,,,,,,,,,partial,erc4337_not_checked|no_code_observed|safe_not_checked,legacy_code_snapshot,,25512299,account-evidence-v1,2026-07-11T22:16:06.660478+00:00
1,0x6d288f68f46bc001d831a1921ef5b71368ef1231,eoa_candidate,no_code,0,25512299,2026-07-11T22:16:06.660478+00:00,,,not_checked,,,,,,,,,,,,,,,,,partial,erc4337_not_checked|no_code_observed|safe_not_checked,legacy_code_snapshot,,25512299,account-evidence-v1,2026-07-11T22:16:06.660478+00:00
1,0x6d5a4616826635c2eb7ac959e71fb39b3eabcb3a,contract,contract_code,11293,25512299,2026-07-11T22:16:06.660478+00:00,,,not_checked,,,,,,,,,,,,,,,,,partial,contract_code_observed|erc4337_not_checked|safe_not_checked,legacy_code_snapshot,,25512299,account-evidence-v1,2026-07-11T22:16:06.660478+00:00
1,0x6e0491cb28a7e966e19596e6d5283f31dd6fc570,contract,contract_code,11293,25512299,2026-07-11T22:16:06.660478+00:00,,,not_checked,,,,,,,,,,,,,,,,,partial,contract_code_observed|erc4337_not_checked|safe_not_checked,legacy_code_snapshot,,25512299,account-evidence-v1,2026-07-11T22:16:06.660478+00:00
1,0x6e0af30ffd4d6ad4e32662a2dc1a02478cbeb628,eoa_candidate,no_code,0,25512299,2026-07-11T22:16:06.660478+00:00,,,not_checked,,,,,,,,,,,,,,,,,partial,erc4337_not_checked|no_code_observed|safe_not_checked,legacy_code_snapshot,,25512299,account-evidence-v1,2026-07-11T22:16:06.660478+00:00
1,0x6eaa9db4ac9def1297365e1b79b965058f641f69,eoa_candidate,no_code,0,25512299,2026-07-11T22:16:06.660478+00:00,,,not_checked,,,,,,,,,,,,,,,,,partial,erc4337_not_checked|no_code_observed|safe_not_checked,legacy_code_snapshot,,25512299,account-evidence-v1,2026-07-11T22:16:06.660478+00:00
1,0x6ec5f4bea085574d6d52d1d8090eb340f21932d2,eoa_candidate,no_code,0,25512299,2026-07-11T22:16:06.660478+00:00,,,not_checked,,,,,,,,,,,,,,,,,partial,erc4337_not_checked|no_code_observed|safe_not_checked,legacy_code_snapshot,,25512299,account-evidence-v1,2026-07-11T22:16:06.660478+00:00
1,0x6ed581e15b986d990471f53d04fb6407feb2cdc3,eoa_candidate,no_code,0,25512299,2026-07-11T22:16:06.660478+00:00,,,not_checked,,,,,,,,,,,,,,,,,partial,erc4337_not_checked|no_code_observed|safe_not_checked,legacy_code_snapshot,,25512299,account-evidence-v1,2026-07-11T22:16:06.660478+00:00
1,0x6ef9c676bdb13a65f381ada7f5326ae4e8bf486f,eoa_candidate,no_code,0,25512299,2026-07-11T22:16:06.660478+00:00,,,not_checked,,,,,,,,,,,,,,,,,partial,erc4337_not_checked|no_code_observed|safe_not_checked,legacy_code_snapshot,,25512299,account-evidence-v1,2026-07-11T22:16:06.660478+00:00
1,0x6f306126965128fb0de4a9c8a25e2adadde27428,eoa_candidate,no_code,0,25512299,2026-07-11T22:16:06.660478+00:00,,,not_checked,,,,,,,,,,,,,,,,,partial,erc4337_not_checked|no_code_observed|safe_not_checked,legacy_code_snapshot,,25512299,account-evidence-v1,2026-07-11T22:16:06.660478+00:00
1,0x6f3b4af36e3ab6e42f495d5ce4871f73d8a60c7f,eoa_candidate,no_code,0,25512299,2026-07-11T22:16:06.660478+00:00,,,not_checked,,,,,,,,,,,,,,,,,partial,erc4337_not_checked|no_code_observed|safe_not_checked,legacy_code_snapshot,,25512299,account-evidence-v1,2026-07-11T22:16:06.660478+00:00
1,0x6fef760a550b0e3747a4ed043b73a37d0d063cf8,eoa_candidate,no_code,0,25512299,2026-07-11T22:16:06.660478+00:00,,,not_checked,,,,,,,,,,,,,,,,,partial,erc4337_not_checked|no_code_observed|safe_not_checked,legacy_code_snapshot,,25512299,account-evidence-v1,2026-07-11T22:16:06.660478+00:00
1,0x7034fa3cb4bb0bbc56c1cfaaad4799ea2a100280,eoa_candidate,no_code,0,25512299,2026-07-11T22:16:06.660478+00:00,,,not_checked,,,,,,,,,,,,,,,,,partial,erc4337_not_checked|no_code_observed|safe_not_checked,legacy_code_snapshot,,25512299,account-evidence-v1,2026-07-11T22:16:06.660478+00:00
1,0x706c980d1bddcf8c35c4f0e47e4d6a209071693b,eoa_candidate,no_code,0,25512299,2026-07-11T22:16:06.660478+00:00,,,not_checked,,,,,,,,,,,,,,,,,partial,erc4337_not_checked|no_code_observed|safe_not_checked,legacy_code_snapshot,,25512299,account-evidence-v1,2026-07-11T22:16:06.660478+00:00
1,0x708c0f9c7250d07ffe15f10b3e81d86394e8b698,eoa_candidate,no_code,0,25512299,2026-07-11T22:16:06.660478+00:00,,,not_checked,,,,,,,,,,,,,,,,,partial,erc4337_not_checked|no_code_observed|safe_not_checked,legacy_code_snapshot,,25512299,account-evidence-v1,2026-07-11T22:16:06.660478+00:00
1,0x70bf6634ee8cb27d04478f184b9b8bb13e5f4710,contract,contract_code,21158,25512299,2026-07-11T22:16:06.660478+00:00,,,not_checked,,,,,,,,,,,,,,,,,partial,contract_code_observed|erc4337_not_checked|safe_not_checked,legacy_code_snapshot,,25512299,account-evidence-v1,2026-07-11T22:16:06.660478+00:00
1,0x717ca332674e97d12ed92406d74d4db244779992,contract,contract_code,11293,25512299,2026-07-11T22:16:06.660478+00:00,,,not_checked,,,,,,,,,,,,,,,,,partial,contract_code_observed|erc4337_not_checked|safe_not_checked,legacy_code_snapshot,,25512299,account-evidence-v1,2026-07-11T22:16:06.660478+00:00
1,0x71acce17172cc87da33cf3bcc57e186b2c524248,eoa_candidate,no_code,0,25512299,2026-07-11T22:16:06.660478+00:00,,,not_checked,,,,,,,,,,,,,,,,,partial,erc4337_not_checked|no_code_observed|safe_not_checked,legacy_code_snapshot,,25512299,account-evidence-v1,2026-07-11T22:16:06.660478+00:00
1,0x720a2442123a97274e2b504508febed1d7e4587e,contract,contract_code,11293,25512299,2026-07-11T22:16:06.660478+00:00,,,not_checked,,,,,,,,,,,,,,,,,partial,contract_code_observed|erc4337_not_checked|safe_not_checked,legacy_code_snapshot,,25512299,account-evidence-v1,2026-07-11T22:16:06.660478+00:00
1,0x721c7fffe9ac426a028e616677811f755fa99eba,eoa_candidate,no_code,0,25512299,2026-07-11T22:16:06.660478+00:00,,,not_checked,,,,,,,,,,,,,,,,,partial,erc4337_not_checked|no_code_observed|safe_not_checked,legacy_code_snapshot,,25512299,account-evidence-v1,2026-07-11T22:16:06.660478+00:00
1,0x722441ac3510a10923218cf379c63623ce61e549,contract,contract_code,11293,25512299,2026-07-11T22:16:06.660478+00:00,,,not_checked,,,,,,,,,,,,,,,,,partial,contract_code_observed|erc4337_not_checked|safe_not_checked,legacy_code_snapshot,,25512299,account-evidence-v1,2026-07-11T22:16:06.660478+00:00
1,0x725cfe92537f364ed687559c74b458addbfa5528,eoa_candidate,no_code,0,25512299,2026-07-11T22:16:06.660478+00:00,,,not_checked,,,,,,,,,,,,,,,,,partial,erc4337_not_checked|no_code_observed|safe_not_checked,legacy_code_snapshot,,25512299,account-evidence-v1,2026-07-11T22:16:06.660478+00:00
1,0x72ade8fd2de8c6a7de741537e5860380eddc002b,contract,contract_code,2227,25512299,2026-07-11T22:16:06.660478+00:00,,,not_checked,,,,,,,,,,,,,,,,,partial,contract_code_observed|erc4337_not_checked|safe_not_checked,legacy_code_snapshot,,25512299,account-evidence-v1,2026-07-11T22:16:06.660478+00:00
1,0x72fac572c8fecfe419eb503c91d552de1b398625,eoa_candidate,no_code,0,25512299,2026-07-11T22:16:06.660478+00:00,,,not_checked,,,,,,,,,,,,,,,,,partial,erc4337_not_checked|no_code_observed|safe_not_checked,legacy_code_snapshot,,25512299,account-evidence-v1,2026-07-11T22:16:06.660478+00:00
1,0x7373f50c13ab510517edae5a632c9896e04ad46e,eoa_candidate,no_code,0,25512299,2026-07-11T22:16:06.660478+00:00,,,not_checked,,,,,,,,,,,,,,,,,partial,erc4337_not_checked|no_code_observed|safe_not_checked,legacy_code_snapshot,,25512299,account-evidence-v1,2026-07-11T22:16:06.660478+00:00
1,0x73c162aa0d897f626d8d41ace1bbdbe0600416a8,contract,contract_code,11293,25512299,2026-07-11T22:16:06.660478+00:00,,,not_checked,,,,,,,,,,,,,,,,,partial,contract_code_observed|erc4337_not_checked|safe_not_checked,legacy_code_snapshot,,25512299,account-evidence-v1,2026-07-11T22:16:06.660478+00:00
1,0x73db3dee28b4736d2378860554bedc28b44eaaf9,eoa_candidate,no_code,0,25512299,2026-07-11T22:16:06.660478+00:00,,,not_checked,,,,,,,,,,,,,,,,,partial,erc4337_not_checked|no_code_observed|safe_not_checked,legacy_code_snapshot,,25512299,account-evidence-v1,2026-07-11T22:16:06.660478+00:00
1,0x740422df1225f0fc6480b663d7675e0268849602,eoa_candidate,no_code,0,25512299,2026-07-11T22:16:06.660478+00:00,,,not_checked,,,,,,,,,,,,,,,,,partial,erc4337_not_checked|no_code_observed|safe_not_checked,legacy_code_snapshot,,25512299,account-evidence-v1,2026-07-11T22:16:06.660478+00:00
1,0x74149d2eb8e37e6871824d34c8a557d7dff8f64f,contract,contract_code,11293,25512299,2026-07-11T22:16:06.660478+00:00,,,not_checked,,,,,,,,,,,,,,,,,partial,contract_code_observed|erc4337_not_checked|safe_not_checked,legacy_code_snapshot,,25512299,account-evidence-v1,2026-07-11T22:16:06.660478+00:00
1,0x741f707fbfdccc7bd5f013df5b2c7abdc3a859d9,contract,contract_code,11293,25512299,2026-07-11T22:16:06.660478+00:00,,,not_checked,,,,,,,,,,,,,,,,,partial,contract_code_observed|erc4337_not_checked|safe_not_checked,legacy_code_snapshot,,25512299,account-evidence-v1,2026-07-11T22:16:06.660478+00:00
1,0x742744c9a38156326852cddf245bb5c466192810,contract,contract_code,11293,25512299,2026-07-11T22:16:06.660478+00:00,,,not_checked,,,,,,,,,,,,,,,,,partial,contract_code_observed|erc4337_not_checked|safe_not_checked,legacy_code_snapshot,,25512299,account-evidence-v1,2026-07-11T22:16:06.660478+00:00
1,0x74c355078911461026bd4b744484fa48ca63b2a8,eoa_candidate,no_code,0,25512299,2026-07-11T22:16:06.660478+00:00,,,not_checked,,,,,,,,,,,,,,,,,partial,erc4337_not_checked|no_code_observed|safe_not_checked,legacy_code_snapshot,,25512299,account-evidence-v1,2026-07-11T22:16:06.660478+00:00
1,0x74de5d4fcbf63e00296fd95d33236b9794016631,contract,contract_code,1163,25512299,2026-07-11T22:16:06.660478+00:00,,,not_checked,,,,,,,,,,,,,,,,,partial,contract_code_observed|erc4337_not_checked|safe_not_checked,legacy_code_snapshot,,25512299,account-evidence-v1,2026-07-11T22:16:06.660478+00:00
1,0x7581de99ce5a1668553826283e55a001f79ef3bd,eoa_candidate,no_code,0,25512299,2026-07-11T22:16:06.660478+00:00,,,not_checked,,,,,,,,,,,,,,,,,partial,erc4337_not_checked|no_code_observed|safe_not_checked,legacy_code_snapshot,,25512299,account-evidence-v1,2026-07-11T22:16:06.660478+00:00
1,0x75d06cd5fde755af7c1f0bc1be6ea4ddf89ce6ba,eoa_candidate,no_code,0,25512299,2026-07-11T22:16:06.660478+00:00,,,not_checked,,,,,,,,,,,,,,,,,partial,erc4337_not_checked|no_code_observed|safe_not_checked,legacy_code_snapshot,,25512299,account-evidence-v1,2026-07-11T22:16:06.660478+00:00
1,0x75e2d967885e35f8df66410e49c71b1be4eb2f4a,eoa_candidate,no_code,0,25512299,2026-07-11T22:16:06.660478+00:00,,,not_checked,,,,,,,,,,,,,,,,,partial,erc4337_not_checked|no_code_observed|safe_not_checked,legacy_code_snapshot,,25512299,account-evidence-v1,2026-07-11T22:16:06.660478+00:00
1,0x75e89d5979e4f6fba9f97c104c2f0afb3f1dcb88,eoa_candidate,no_code,0,25512299,2026-07-11T22:16:06.660478+00:00,,,not_checked,,,,,,,,,,,,,,,,,partial,erc4337_not_checked|no_code_observed|safe_not_checked,legacy_code_snapshot,,25512299,account-evidence-v1,2026-07-11T22:16:06.660478+00:00
1,0x764bb7844fd8f95f2892b90a343289c81a428da6,contract,contract_code,11293,25512299,2026-07-11T22:16:06.660478+00:00,,,not_checked,,,,,,,,,,,,,,,,,partial,contract_code_observed|erc4337_not_checked|safe_not_checked,legacy_code_snapshot,,25512299,account-evidence-v1,2026-07-11T22:16:06.660478+00:00
1,0x7677abc94fbb9044dca7c4191c45a10306f1bc46,eoa_candidate,no_code,0,25512299,2026-07-11T22:16:06.660478+00:00,,,not_checked,,,,,,,,,,,,,,,,,partial,erc4337_not_checked|no_code_observed|safe_not_checked,legacy_code_snapshot,,25512299,account-evidence-v1,2026-07-11T22:16:06.660478+00:00
1,0x7679c0f3dd779c0add128ab673c24f2542955fad,contract,contract_code,11293,25512299,2026-07-11T22:16:06.660478+00:00,,,not_checked,,,,,,,,,,,,,,,,,partial,contract_code_observed|erc4337_not_checked|safe_not_checked,legacy_code_snapshot,,25512299,account-evidence-v1,2026-07-11T22:16:06.660478+00:00
1,0x767fe89301d37847078a30886c873d6be9457ad1,contract,contract_code,11293,25512299,2026-07-11T22:16:06.660478+00:00,,,not_checked,,,,,,,,,,,,,,,,,partial,contract_code_observed|erc4337_not_checked|safe_not_checked,legacy_code_snapshot,,25512299,account-evidence-v1,2026-07-11T22:16:06.660478+00:00
1,0x7689c04a3c9b4750159b9fe1de864fa9af6f7ef0,eoa_candidate,no_code,0,25512299,2026-07-11T22:16:06.660478+00:00,,,not_checked,,,,,,,,,,,,,,,,,partial,erc4337_not_checked|no_code_observed|safe_not_checked,legacy_code_snapshot,,25512299,account-evidence-v1,2026-07-11T22:16:06.660478+00:00
1,0x769399d9cede28128f926e856d21eb44348cae2f,eoa_candidate,no_code,0,25512299,2026-07-11T22:16:06.660478+00:00,,,not_checked,,,,,,,,,,,,,,,,,partial,erc4337_not_checked|no_code_observed|safe_not_checked,legacy_code_snapshot,,25512299,account-evidence-v1,2026-07-11T22:16:06.660478+00:00
1,0x76942474c5c8d0405746ac55c3d7bd2efc6d4631,eoa_candidate,no_code,0,25512299,2026-07-11T22:16:06.660478+00:00,,,not_checked,,,,,,,,,,,,,,,,,partial,erc4337_not_checked|no_code_observed|safe_not_checked,legacy_code_snapshot,,25512299,account-evidence-v1,2026-07-11T22:16:06.660478+00:00
1,0x76d13d46804c63979d5626138a5b73398beafd6e,eoa_candidate,no_code,0,25512299,2026-07-11T22:16:06.660478+00:00,,,not_checked,,,,,,,,,,,,,,,,,partial,erc4337_not_checked|no_code_observed|safe_not_checked,legacy_code_snapshot,,25512299,account-evidence-v1,2026-07-11T22:16:06.660478+00:00
1,0x7749e5507cf8e34771ad2e3ad073e158c04d5099,contract,contract_code,11293,25512299,2026-07-11T22:16:06.660478+00:00,,,not_checked,,,,,,,,,,,,,,,,,partial,contract_code_observed|erc4337_not_checked|safe_not_checked,legacy_code_snapshot,,25512299,account-evidence-v1,2026-07-11T22:16:06.660478+00:00
1,0x778c25e8ab4c1db123c5bc24c270424321f6fd1e,eoa_candidate,no_code,0,25512299,2026-07-11T22:16:06.660478+00:00,,,not_checked,,,,,,,,,,,,,,,,,partial,erc4337_not_checked|no_code_observed|safe_not_checked,legacy_code_snapshot,,25512299,account-evidence-v1,2026-07-11T22:16:06.660478+00:00
1,0x7796bb001817fc531576e5c67bb5ab38102cbf36,contract,contract_code,45,25512299,2026-07-11T22:16:06.660478+00:00,,,not_checked,,,,,,,,,,,,,,,,,partial,contract_code_observed|erc4337_not_checked|safe_not_checked,legacy_code_snapshot,,25512299,account-evidence-v1,2026-07-11T22:16:06.660478+00:00
1,0x7811df09c3415e99beb22122123932e2fe1ef0b0,eoa_candidate,no_code,0,25512299,2026-07-11T22:16:06.660478+00:00,,,not_checked,,,,,,,,,,,,,,,,,partial,erc4337_not_checked|no_code_observed|safe_not_checked,legacy_code_snapshot,,25512299,account-evidence-v1,2026-07-11T22:16:06.660478+00:00
1,0x781f55924722de876135989770dfa5ab43d0b4a8,contract,contract_code,11293,25512299,2026-07-11T22:16:06.660478+00:00,,,not_checked,,,,,,,,,,,,,,,,,partial,contract_code_observed|erc4337_not_checked|safe_not_checked,legacy_code_snapshot,,25512299,account-evidence-v1,2026-07-11T22:16:06.660478+00:00
1,0x785437f7b3a42e4fed5b8737a02c49785081940b,eoa_candidate,no_code,0,25512299,2026-07-11T22:16:06.660478+00:00,,,not_checked,,,,,,,,,,,,,,,,,partial,erc4337_not_checked|no_code_observed|safe_not_checked,legacy_code_snapshot,,25512299,account-evidence-v1,2026-07-11T22:16:06.660478+00:00
1,0x78a3ae221dead3850e49913b6d0e03ff0eea72ed,contract,contract_code,11293,25512299,2026-07-11T22:16:06.660478+00:00,,,not_checked,,,,,,,,,,,,,,,,,partial,contract_code_observed|erc4337_not_checked|safe_not_checked,legacy_code_snapshot,,25512299,account-evidence-v1,2026-07-11T22:16:06.660478+00:00
1,0x7929318e166110710fad49049dc98db516a901a4,eoa_candidate,no_code,0,25512299,2026-07-11T22:16:06.660478+00:00,,,not_checked,,,,,,,,,,,,,,,,,partial,erc4337_not_checked|no_code_observed|safe_not_checked,legacy_code_snapshot,,25512299,account-evidence-v1,2026-07-11T22:16:06.660478+00:00
1,0x79a27b9bb753421bb5ba94fd575bb5d6dcd84d34,eoa_candidate,no_code,0,25512299,2026-07-11T22:16:06.660478+00:00,,,not_checked,,,,,,,,,,,,,,,,,partial,erc4337_not_checked|no_code_observed|safe_not_checked,legacy_code_snapshot,,25512299,account-evidence-v1,2026-07-11T22:16:06.660478+00:00
1,0x7a250d5630b4cf539739df2c5dacb4c659f2488d,contract,contract_code,21943,25512299,2026-07-11T22:16:06.660478+00:00,,,not_checked,,,,,,,,,,,,,,,,,partial,contract_code_observed|erc4337_not_checked|safe_not_checked,legacy_code_snapshot,,25512299,account-evidence-v1,2026-07-11T22:16:06.660478+00:00
1,0x7a49e2dffa402fda587a0d26d04392a1bff77f08,eoa_candidate,no_code,0,25512299,2026-07-11T22:16:06.660478+00:00,,,not_checked,,,,,,,,,,,,,,,,,partial,erc4337_not_checked|no_code_observed|safe_not_checked,legacy_code_snapshot,,25512299,account-evidence-v1,2026-07-11T22:16:06.660478+00:00
1,0x7a72c5b0ba6615896b5a46dde17e5ee338c85d68,contract,contract_code,11293,25512299,2026-07-11T22:16:06.660478+00:00,,,not_checked,,,,,,,,,,,,,,,,,partial,contract_code_observed|erc4337_not_checked|safe_not_checked,legacy_code_snapshot,,25512299,account-evidence-v1,2026-07-11T22:16:06.660478+00:00
1,0x7acab48d2ecedd6bfd8e187f0ea520da76a04662,eoa_candidate,no_code,0,25512299,2026-07-11T22:16:06.660478+00:00,,,not_checked,,,,,,,,,,,,,,,,,partial,erc4337_not_checked|no_code_observed|safe_not_checked,legacy_code_snapshot,,25512299,account-evidence-v1,2026-07-11T22:16:06.660478+00:00
1,0x7b0d132c6bf845d5a072b6cc9201546f0af8a044,contract,contract_code,10314,25512299,2026-07-11T22:16:06.660478+00:00,,,not_checked,,,,,,,,,,,,,,,,,partial,contract_code_observed|erc4337_not_checked|safe_not_checked,legacy_code_snapshot,,25512299,account-evidence-v1,2026-07-11T22:16:06.660478+00:00
1,0x7b7d3e976d99dc2d4e1a3c6395a2c400ebf81111,eoa_candidate,no_code,0,25512299,2026-07-11T22:16:06.660478+00:00,,,not_checked,,,,,,,,,,,,,,,,,partial,erc4337_not_checked|no_code_observed|safe_not_checked,legacy_code_snapshot,,25512299,account-evidence-v1,2026-07-11T22:16:06.660478+00:00
1,0x7ba97a66b479b4c78ffb135b64dc9a22dfe1a711,eoa_candidate,no_code,0,25512299,2026-07-11T22:16:06.660478+00:00,,,not_checked,,,,,,,,,,,,,,,,,partial,erc4337_not_checked|no_code_observed|safe_not_checked,legacy_code_snapshot,,25512299,account-evidence-v1,2026-07-11T22:16:06.660478+00:00
1,0x7bd90e2035578d8162b9ae0ba0ba185fc6fc4cdd,contract,contract_code,11293,25512299,2026-07-11T22:16:06.660478+00:00,,,not_checked,,,,,,,,,,,,,,,,,partial,contract_code_observed|erc4337_not_checked|safe_not_checked,legacy_code_snapshot,,25512299,account-evidence-v1,2026-07-11T22:16:06.660478+00:00
1,0x7cab939cb583fcc2f7ddd3dae1276cf7f750bbe7,contract,contract_code,11293,25512299,2026-07-11T22:16:06.660478+00:00,,,not_checked,,,,,,,,,,,,,,,,,partial,contract_code_observed|erc4337_not_checked|safe_not_checked,legacy_code_snapshot,,25512299,account-evidence-v1,2026-07-11T22:16:06.660478+00:00
1,0x7cb15b61e36476cabadb4470483889e45132618c,eoa_candidate,no_code,0,25512299,2026-07-11T22:16:06.660478+00:00,,,not_checked,,,,,,,,,,,,,,,,,partial,erc4337_not_checked|no_code_observed|safe_not_checked,legacy_code_snapshot,,25512299,account-evidence-v1,2026-07-11T22:16:06.660478+00:00
1,0x7d02121b04ab285b2e7e443f6e5738919d95abc0,eoa_candidate,no_code,0,25512299,2026-07-11T22:16:06.660478+00:00,,,not_checked,,,,,,,,,,,,,,,,,partial,erc4337_not_checked|no_code_observed|safe_not_checked,legacy_code_snapshot,,25512299,account-evidence-v1,2026-07-11T22:16:06.660478+00:00
1,0x7d96932537ed665a6d484cf9cd90169d366d10b0,eoa_candidate,no_code,0,25512299,2026-07-11T22:16:06.660478+00:00,,,not_checked,,,,,,,,,,,,,,,,,partial,erc4337_not_checked|no_code_observed|safe_not_checked,legacy_code_snapshot,,25512299,account-evidence-v1,2026-07-11T22:16:06.660478+00:00
1,0x7da4e33c628742df83a3b5e12fd856c624701dc9,contract,contract_code,11293,25512299,2026-07-11T22:16:06.660478+00:00,,,not_checked,,,,,,,,,,,,,,,,,partial,contract_code_observed|erc4337_not_checked|safe_not_checked,legacy_code_snapshot,,25512299,account-evidence-v1,2026-07-11T22:16:06.660478+00:00
1,0x7e2df44ac9d2d0a4edb64a18c96bba16c4502e03,eoa_candidate,no_code,0,25512299,2026-07-11T22:16:06.660478+00:00,,,not_checked,,,,,,,,,,,,,,,,,partial,erc4337_not_checked|no_code_observed|safe_not_checked,legacy_code_snapshot,,25512299,account-evidence-v1,2026-07-11T22:16:06.660478+00:00
1,0x7e3373fb4afceffa3bb8239e3b62842ff827423f,contract,contract_code,11293,25512299,2026-07-11T22:16:06.660478+00:00,,,not_checked,,,,,,,,,,,,,,,,,partial,contract_code_observed|erc4337_not_checked|safe_not_checked,legacy_code_snapshot,,25512299,account-evidence-v1,2026-07-11T22:16:06.660478+00:00
1,0x7e3c8c892c8a70deb5ebb914e618662bd0358e7c,eoa_candidate,no_code,0,25512299,2026-07-11T22:16:06.660478+00:00,,,not_checked,,,,,,,,,,,,,,,,,partial,erc4337_not_checked|no_code_observed|safe_not_checked,legacy_code_snapshot,,25512299,account-evidence-v1,2026-07-11T22:16:06.660478+00:00
1,0x7e6007969dbd1601a13d05216ee3827a2e4389ae,eoa_candidate,no_code,0,25512299,2026-07-11T22:16:06.660478+00:00,,,not_checked,,,,,,,,,,,,,,,,,partial,erc4337_not_checked|no_code_observed|safe_not_checked,legacy_code_snapshot,,25512299,account-evidence-v1,2026-07-11T22:16:06.660478+00:00
1,0x7e6c3ab97ca86571778375cbb90abfeb6a4e1f7a,eoa_candidate,no_code,0,25512299,2026-07-11T22:16:06.660478+00:00,,,not_checked,,,,,,,,,,,,,,,,,partial,erc4337_not_checked|no_code_observed|safe_not_checked,legacy_code_snapshot,,25512299,account-evidence-v1,2026-07-11T22:16:06.660478+00:00
1,0x7eea5321beccd00851098ef7e4f6fcea4bbeefa9,eoa_candidate,no_code,0,25512299,2026-07-11T22:16:06.660478+00:00,,,not_checked,,,,,,,,,,,,,,,,,partial,erc4337_not_checked|no_code_observed|safe_not_checked,legacy_code_snapshot,,25512299,account-evidence-v1,2026-07-11T22:16:06.660478+00:00
1,0x7f2108ca0411752f70143ce7761c0d0b8094a5ac,contract,contract_code,11293,25512299,2026-07-11T22:16:06.660478+00:00,,,not_checked,,,,,,,,,,,,,,,,,partial,contract_code_observed|erc4337_not_checked|safe_not_checked,legacy_code_snapshot,,25512299,account-evidence-v1,2026-07-11T22:16:06.660478+00:00
1,0x7f6e5dffaaee893ec06d58b5cde4764b15108aaa,eoa_candidate,no_code,0,25512299,2026-07-11T22:16:06.660478+00:00,,,not_checked,,,,,,,,,,,,,,,,,partial,erc4337_not_checked|no_code_observed|safe_not_checked,legacy_code_snapshot,,25512299,account-evidence-v1,2026-07-11T22:16:06.660478+00:00
1,0x7f9039a4d0131277aa029e5b9df6098043c73ade,contract,contract_code,23,25512299,2026-07-11T22:16:06.660478+00:00,,,not_checked,,,,,,,,,,,,,,,,,partial,contract_code_observed|erc4337_not_checked|safe_not_checked,legacy_code_snapshot,,25512299,account-evidence-v1,2026-07-11T22:16:06.660478+00:00
1,0x8077be9fb1925161dc8727ef80eaded21861bc35,contract,contract_code,11293,25512299,2026-07-11T22:16:06.660478+00:00,,,not_checked,,,,,,,,,,,,,,,,,partial,contract_code_observed|erc4337_not_checked|safe_not_checked,legacy_code_snapshot,,25512299,account-evidence-v1,2026-07-11T22:16:06.660478+00:00
1,0x80aa6a4f2bcf1899423b8f5624a36e2ec05b8585,eoa_candidate,no_code,0,25512299,2026-07-11T22:16:06.660478+00:00,,,not_checked,,,,,,,,,,,,,,,,,partial,erc4337_not_checked|no_code_observed|safe_not_checked,legacy_code_snapshot,,25512299,account-evidence-v1,2026-07-11T22:16:06.660478+00:00
1,0x80f306405fecadbbe1730e688edc272e649bf9ab,eoa_candidate,no_code,0,25512299,2026-07-11T22:16:06.660478+00:00,,,not_checked,,,,,,,,,,,,,,,,,partial,erc4337_not_checked|no_code_observed|safe_not_checked,legacy_code_snapshot,,25512299,account-evidence-v1,2026-07-11T22:16:06.660478+00:00
1,0x81338e152a2db1302acd09f0756e76d642419385,eoa_candidate,no_code,0,25512299,2026-07-11T22:16:06.660478+00:00,,,not_checked,,,,,,,,,,,,,,,,,partial,erc4337_not_checked|no_code_observed|safe_not_checked,legacy_code_snapshot,,25512299,account-evidence-v1,2026-07-11T22:16:06.660478+00:00
1,0x814217be3b2ab91e47a011eee6e14c3b3fe65dad,contract,contract_code,11293,25512299,2026-07-11T22:16:06.660478+00:00,,,not_checked,,,,,,,,,,,,,,,,,partial,contract_code_observed|erc4337_not_checked|safe_not_checked,legacy_code_snapshot,,25512299,account-evidence-v1,2026-07-11T22:16:06.660478+00:00
1,0x814d60499bd401eca426c86ee9b4167967dff8dd,eoa_candidate,no_code,0,25512299,2026-07-11T22:16:06.660478+00:00,,,not_checked,,,,,,,,,,,,,,,,,partial,erc4337_not_checked|no_code_observed|safe_not_checked,legacy_code_snapshot,,25512299,account-evidence-v1,2026-07-11T22:16:06.660478+00:00
1,0x817ef288e556943e5d1c714177fb33bebe94a4ec,contract,contract_code,11293,25512299,2026-07-11T22:16:06.660478+00:00,,,not_checked,,,,,,,,,,,,,,,,,partial,contract_code_observed|erc4337_not_checked|safe_not_checked,legacy_code_snapshot,,25512299,account-evidence-v1,2026-07-11T22:16:06.660478+00:00
1,0x81971ac58130e2637cdf6508463f7225577fc402,eoa_candidate,no_code,0,25512299,2026-07-11T22:16:06.660478+00:00,,,not_checked,,,,,,,,,,,,,,,,,partial,erc4337_not_checked|no_code_observed|safe_not_checked,legacy_code_snapshot,,25512299,account-evidence-v1,2026-07-11T22:16:06.660478+00:00
1,0x81deab58e30849e171a0b7c16076f02e859919e5,contract,contract_code,11293,25512299,2026-07-11T22:16:06.660478+00:00,,,not_checked,,,,,,,,,,,,,,,,,partial,contract_code_observed|erc4337_not_checked|safe_not_checked,legacy_code_snapshot,,25512299,account-evidence-v1,2026-07-11T22:16:06.660478+00:00
1,0x8236a8a755cae788822eeccfddac77317406f0b8,eoa_candidate,no_code,0,25512299,2026-07-11T22:16:06.660478+00:00,,,not_checked,,,,,,,,,,,,,,,,,partial,erc4337_not_checked|no_code_observed|safe_not_checked,legacy_code_snapshot,,25512299,account-evidence-v1,2026-07-11T22:16:06.660478+00:00
1,0x8236ca9ab82376ad4a81c0a2fbeae128723be16f,eoa_candidate,no_code,0,25512299,2026-07-11T22:16:06.660478+00:00,,,not_checked,,,,,,,,,,,,,,,,,partial,erc4337_not_checked|no_code_observed|safe_not_checked,legacy_code_snapshot,,25512299,account-evidence-v1,2026-07-11T22:16:06.660478+00:00
1,0x8271267cec8c994418776862d7ef30fb05d20ff1,eoa_candidate,no_code,0,25512299,2026-07-11T22:16:06.660478+00:00,,,not_checked,,,,,,,,,,,,,,,,,partial,erc4337_not_checked|no_code_observed|safe_not_checked,legacy_code_snapshot,,25512299,account-evidence-v1,2026-07-11T22:16:06.660478+00:00
1,0x82b2db19ffc11631575d102fae24dafd983a7cbb,contract,contract_code,11293,25512299,2026-07-11T22:16:06.660478+00:00,,,not_checked,,,,,,,,,,,,,,,,,partial,contract_code_observed|erc4337_not_checked|safe_not_checked,legacy_code_snapshot,,25512299,account-evidence-v1,2026-07-11T22:16:06.660478+00:00
1,0x82f1458c606eb26ab8e58bc83ac7d2923fca8a68,eoa_candidate,no_code,0,25512299,2026-07-11T22:16:06.660478+00:00,,,not_checked,,,,,,,,,,,,,,,,,partial,erc4337_not_checked|no_code_observed|safe_not_checked,legacy_code_snapshot,,25512299,account-evidence-v1,2026-07-11T22:16:06.660478+00:00
1,0x82fd171d9a11259758012df50d57918210f7d4b9,eoa_candidate,no_code,0,25512299,2026-07-11T22:16:06.660478+00:00,,,not_checked,,,,,,,,,,,,,,,,,partial,erc4337_not_checked|no_code_observed|safe_not_checked,legacy_code_snapshot,,25512299,account-evidence-v1,2026-07-11T22:16:06.660478+00:00
1,0x830f650136e3fe16279f4a904b2e1881b7a5e1dd,contract,contract_code,11293,25512299,2026-07-11T22:16:06.660478+00:00,,,not_checked,,,,,,,,,,,,,,,,,partial,contract_code_observed|erc4337_not_checked|safe_not_checked,legacy_code_snapshot,,25512299,account-evidence-v1,2026-07-11T22:16:06.660478+00:00
1,0x8378360a68176938a4ebbf88447d03d440624c84,eoa_candidate,no_code,0,25512299,2026-07-11T22:16:06.660478+00:00,,,not_checked,,,,,,,,,,,,,,,,,partial,erc4337_not_checked|no_code_observed|safe_not_checked,legacy_code_snapshot,,25512299,account-evidence-v1,2026-07-11T22:16:06.660478+00:00
1,0x844d05eaa53448f00c84a117d92d1dbc1270cf59,eoa_candidate,no_code,0,25512299,2026-07-11T22:16:06.660478+00:00,,,not_checked,,,,,,,,,,,,,,,,,partial,erc4337_not_checked|no_code_observed|safe_not_checked,legacy_code_snapshot,,25512299,account-evidence-v1,2026-07-11T22:16:06.660478+00:00
1,0x84cc5c46fe80165e818557549436dea3ce710d49,eoa_candidate,no_code,0,25512299,2026-07-11T22:16:06.660478+00:00,,,not_checked,,,,,,,,,,,,,,,,,partial,erc4337_not_checked|no_code_observed|safe_not_checked,legacy_code_snapshot,,25512299,account-evidence-v1,2026-07-11T22:16:06.660478+00:00
1,0x8578ebedb49c18231ccaa41610ac5eda0a5d00ee,eoa_candidate,no_code,0,25512299,2026-07-11T22:16:06.660478+00:00,,,not_checked,,,,,,,,,,,,,,,,,partial,erc4337_not_checked|no_code_observed|safe_not_checked,legacy_code_snapshot,,25512299,account-evidence-v1,2026-07-11T22:16:06.660478+00:00
1,0x86a389ff6a05c753c249e03cc89f7557fe715aca,contract,contract_code,11293,25512299,2026-07-11T22:16:06.660478+00:00,,,not_checked,,,,,,,,,,,,,,,,,partial,contract_code_observed|erc4337_not_checked|safe_not_checked,legacy_code_snapshot,,25512299,account-evidence-v1,2026-07-11T22:16:06.660478+00:00
1,0x86f8bcd4587c23b94fd09246c922d2a72e97ad2f,eoa_candidate,no_code,0,25512299,2026-07-11T22:16:06.660478+00:00,,,not_checked,,,,,,,,,,,,,,,,,partial,erc4337_not_checked|no_code_observed|safe_not_checked,legacy_code_snapshot,,25512299,account-evidence-v1,2026-07-11T22:16:06.660478+00:00
1,0x8757b3ea8c2e67c493382f11f944f70da3bb4575,eoa_candidate,no_code,0,25512299,2026-07-11T22:16:06.660478+00:00,,,not_checked,,,,,,,,,,,,,,,,,partial,erc4337_not_checked|no_code_observed|safe_not_checked,legacy_code_snapshot,,25512299,account-evidence-v1,2026-07-11T22:16:06.660478+00:00
1,0x8769f024eb48999bfa2cc4b2d516cf94fe49144c,contract,contract_code,11293,25512299,2026-07-11T22:16:06.660478+00:00,,,not_checked,,,,,,,,,,,,,,,,,partial,contract_code_observed|erc4337_not_checked|safe_not_checked,legacy_code_snapshot,,25512299,account-evidence-v1,2026-07-11T22:16:06.660478+00:00
1,0x88262dd7bdbeeb106b42db6dcccb5dbcdab93542,eoa_candidate,no_code,0,25512299,2026-07-11T22:16:06.660478+00:00,,,not_checked,,,,,,,,,,,,,,,,,partial,erc4337_not_checked|no_code_observed|safe_not_checked,legacy_code_snapshot,,25512299,account-evidence-v1,2026-07-11T22:16:06.660478+00:00
1,0x88b645a78b9d193adb35ca72cb495dadd3dd9c99,eoa_candidate,no_code,0,25512299,2026-07-11T22:16:06.660478+00:00,,,not_checked,,,,,,,,,,,,,,,,,partial,erc4337_not_checked|no_code_observed|safe_not_checked,legacy_code_snapshot,,25512299,account-evidence-v1,2026-07-11T22:16:06.660478+00:00
1,0x8949f407e7914435df79e3319240da4eede60a49,eoa_candidate,no_code,0,25512299,2026-07-11T22:16:06.660478+00:00,,,not_checked,,,,,,,,,,,,,,,,,partial,erc4337_not_checked|no_code_observed|safe_not_checked,legacy_code_snapshot,,25512299,account-evidence-v1,2026-07-11T22:16:06.660478+00:00
1,0x896fd49304b1b04d546d05379f15ee98d1f7cca7,eoa_candidate,no_code,0,25512299,2026-07-11T22:16:06.660478+00:00,,,not_checked,,,,,,,,,,,,,,,,,partial,erc4337_not_checked|no_code_observed|safe_not_checked,legacy_code_snapshot,,25512299,account-evidence-v1,2026-07-11T22:16:06.660478+00:00
1,0x897d76cc21ec749fc238df2cdc7e5cc97b1a26de,contract,contract_code,11293,25512299,2026-07-11T22:16:06.660478+00:00,,,not_checked,,,,,,,,,,,,,,,,,partial,contract_code_observed|erc4337_not_checked|safe_not_checked,legacy_code_snapshot,,25512299,account-evidence-v1,2026-07-11T22:16:06.660478+00:00
1,0x897e45379af7b0a01c94e2e391bb1facf787fcab,contract,contract_code,23,25512299,2026-07-11T22:16:06.660478+00:00,,,not_checked,,,,,,,,,,,,,,,,,partial,contract_code_observed|erc4337_not_checked|safe_not_checked,legacy_code_snapshot,,25512299,account-evidence-v1,2026-07-11T22:16:06.660478+00:00
1,0x89cde2b3609b002920cdafee671e23906496c181,eoa_candidate,no_code,0,25512299,2026-07-11T22:16:06.660478+00:00,,,not_checked,,,,,,,,,,,,,,,,,partial,erc4337_not_checked|no_code_observed|safe_not_checked,legacy_code_snapshot,,25512299,account-evidence-v1,2026-07-11T22:16:06.660478+00:00
1,0x8aa776610f3c88606527617947edca87387da80f,eoa_candidate,no_code,0,25512299,2026-07-11T22:16:06.660478+00:00,,,not_checked,,,,,,,,,,,,,,,,,partial,erc4337_not_checked|no_code_observed|safe_not_checked,legacy_code_snapshot,,25512299,account-evidence-v1,2026-07-11T22:16:06.660478+00:00
1,0x8acaee5413c6d14ecf42dfbd2c9280e42f324efe,contract,contract_code,11293,25512299,2026-07-11T22:16:06.660478+00:00,,,not_checked,,,,,,,,,,,,,,,,,partial,contract_code_observed|erc4337_not_checked|safe_not_checked,legacy_code_snapshot,,25512299,account-evidence-v1,2026-07-11T22:16:06.660478+00:00
1,0x8b05dc5c0d9e5494dfc097e5281e9ca79d69d7db,eoa_candidate,no_code,0,25512299,2026-07-11T22:16:06.660478+00:00,,,not_checked,,,,,,,,,,,,,,,,,partial,erc4337_not_checked|no_code_observed|safe_not_checked,legacy_code_snapshot,,25512299,account-evidence-v1,2026-07-11T22:16:06.660478+00:00
1,0x8b174d6e2b9504d9ab5503a13a6bbdef296709a2,contract,contract_code,11293,25512299,2026-07-11T22:16:06.660478+00:00,,,not_checked,,,,,,,,,,,,,,,,,partial,contract_code_observed|erc4337_not_checked|safe_not_checked,legacy_code_snapshot,,25512299,account-evidence-v1,2026-07-11T22:16:06.660478+00:00
1,0x8bbf257a1a46d9a3a73538185d92e1127d8c4e60,eoa_candidate,no_code,0,25512299,2026-07-11T22:16:06.660478+00:00,,,not_checked,,,,,,,,,,,,,,,,,partial,erc4337_not_checked|no_code_observed|safe_not_checked,legacy_code_snapshot,,25512299,account-evidence-v1,2026-07-11T22:16:06.660478+00:00
1,0x8c065a9e333079f4d6485f1b08f2e8121c258ac3,eoa_candidate,no_code,0,25512299,2026-07-11T22:16:06.660478+00:00,,,not_checked,,,,,,,,,,,,,,,,,partial,erc4337_not_checked|no_code_observed|safe_not_checked,legacy_code_snapshot,,25512299,account-evidence-v1,2026-07-11T22:16:06.660478+00:00
1,0x8c362f37a0c23d18d0ea29eaf2fbc7e60bca06fb,eoa_candidate,no_code,0,25512299,2026-07-11T22:16:06.660478+00:00,,,not_checked,,,,,,,,,,,,,,,,,partial,erc4337_not_checked|no_code_observed|safe_not_checked,legacy_code_snapshot,,25512299,account-evidence-v1,2026-07-11T22:16:06.660478+00:00
1,0x8c7fba1be4687ff466ca7d7e9954d19a3debcf04,contract,contract_code,11293,25512299,2026-07-11T22:16:06.660478+00:00,,,not_checked,,,,,,,,,,,,,,,,,partial,contract_code_observed|erc4337_not_checked|safe_not_checked,legacy_code_snapshot,,25512299,account-evidence-v1,2026-07-11T22:16:06.660478+00:00
1,0x8d9ce91873b3149aae9ebe26a637b008765bcc44,eoa_candidate,no_code,0,25512299,2026-07-11T22:16:06.660478+00:00,,,not_checked,,,,,,,,,,,,,,,,,partial,erc4337_not_checked|no_code_observed|safe_not_checked,legacy_code_snapshot,,25512299,account-evidence-v1,2026-07-11T22:16:06.660478+00:00
1,0x8dceeb78462b002d71526ad0cefb68bc3b001367,eoa_candidate,no_code,0,25512299,2026-07-11T22:16:06.660478+00:00,,,not_checked,,,,,,,,,,,,,,,,,partial,erc4337_not_checked|no_code_observed|safe_not_checked,legacy_code_snapshot,,25512299,account-evidence-v1,2026-07-11T22:16:06.660478+00:00
1,0x8de3957668b2844cd046ddbc42f86258b30cabf8,eoa_candidate,no_code,0,25512299,2026-07-11T22:16:06.660478+00:00,,,not_checked,,,,,,,,,,,,,,,,,partial,erc4337_not_checked|no_code_observed|safe_not_checked,legacy_code_snapshot,,25512299,account-evidence-v1,2026-07-11T22:16:06.660478+00:00
1,0x8e2d8cc719500de7ac8dc23e1d073029938c22c4,contract,contract_code,2227,25512299,2026-07-11T22:16:06.660478+00:00,,,not_checked,,,,,,,,,,,,,,,,,partial,contract_code_observed|erc4337_not_checked|safe_not_checked,legacy_code_snapshot,,25512299,account-evidence-v1,2026-07-11T22:16:06.660478+00:00
1,0x8e6692acff531107e63202dd399236764228eb9c,contract,contract_code,171,25512299,2026-07-11T22:16:06.660478+00:00,,,not_checked,,,,,,,,,,,,,,,,,partial,contract_code_observed|erc4337_not_checked|safe_not_checked,legacy_code_snapshot,,25512299,account-evidence-v1,2026-07-11T22:16:06.660478+00:00
1,0x8ed5e00681bda01b0dd2247bad5db308be331710,contract,contract_code,11293,25512299,2026-07-11T22:16:06.660478+00:00,,,not_checked,,,,,,,,,,,,,,,,,partial,contract_code_observed|erc4337_not_checked|safe_not_checked,legacy_code_snapshot,,25512299,account-evidence-v1,2026-07-11T22:16:06.660478+00:00
1,0x8edebcd6f211f6873287d0d92a81b35a86ba4e01,eoa_candidate,no_code,0,25512299,2026-07-11T22:16:06.660478+00:00,,,not_checked,,,,,,,,,,,,,,,,,partial,erc4337_not_checked|no_code_observed|safe_not_checked,legacy_code_snapshot,,25512299,account-evidence-v1,2026-07-11T22:16:06.660478+00:00
1,0x8f562474bb6eb035fced4e7c79bf5024b53e9476,eoa_candidate,no_code,0,25512299,2026-07-11T22:16:06.660478+00:00,,,not_checked,,,,,,,,,,,,,,,,,partial,erc4337_not_checked|no_code_observed|safe_not_checked,legacy_code_snapshot,,25512299,account-evidence-v1,2026-07-11T22:16:06.660478+00:00
1,0x8fa47e60ca98ac63a7b85e777491cf3ea3f0d66e,eoa_candidate,no_code,0,25512299,2026-07-11T22:16:06.660478+00:00,,,not_checked,,,,,,,,,,,,,,,,,partial,erc4337_not_checked|no_code_observed|safe_not_checked,legacy_code_snapshot,,25512299,account-evidence-v1,2026-07-11T22:16:06.660478+00:00
1,0x9008d19f58aabd9ed0d60971565aa8510560ab41,contract,contract_code,16165,25512299,2026-07-11T22:16:06.660478+00:00,,,not_checked,,,,,,,,,,,,,,,,,partial,contract_code_observed|erc4337_not_checked|safe_not_checked,legacy_code_snapshot,,25512299,account-evidence-v1,2026-07-11T22:16:06.660478+00:00
1,0x904441ebc002dba9a927b35baf55dc98e6b5c8c6,eoa_candidate,no_code,0,25512299,2026-07-11T22:16:06.660478+00:00,,,not_checked,,,,,,,,,,,,,,,,,partial,erc4337_not_checked|no_code_observed|safe_not_checked,legacy_code_snapshot,,25512299,account-evidence-v1,2026-07-11T22:16:06.660478+00:00
1,0x906c136b56c1dc78b4336beac0cb0a1684224c94,eoa_candidate,no_code,0,25512299,2026-07-11T22:16:06.660478+00:00,,,not_checked,,,,,,,,,,,,,,,,,partial,erc4337_not_checked|no_code_observed|safe_not_checked,legacy_code_snapshot,,25512299,account-evidence-v1,2026-07-11T22:16:06.660478+00:00
1,0x90893d3be3f8c8cadce60afa6969a7ee1121da7a,contract,contract_code,11293,25512299,2026-07-11T22:16:06.660478+00:00,,,not_checked,,,,,,,,,,,,,,,,,partial,contract_code_observed|erc4337_not_checked|safe_not_checked,legacy_code_snapshot,,25512299,account-evidence-v1,2026-07-11T22:16:06.660478+00:00
1,0x90b0adca1db1d2c166ae3744e9dfd9174a27b851,eoa_candidate,no_code,0,25512299,2026-07-11T22:16:06.660478+00:00,,,not_checked,,,,,,,,,,,,,,,,,partial,erc4337_not_checked|no_code_observed|safe_not_checked,legacy_code_snapshot,,25512299,account-evidence-v1,2026-07-11T22:16:06.660478+00:00
1,0x91234e1547c116cfc33eba1705ffcef3ad403f1d,contract,contract_code,23,25512299,2026-07-11T22:16:06.660478+00:00,,,not_checked,,,,,,,,,,,,,,,,,partial,contract_code_observed|erc4337_not_checked|safe_not_checked,legacy_code_snapshot,,25512299,account-evidence-v1,2026-07-11T22:16:06.660478+00:00
1,0x923c0e233b938779e83f22552b5f07e9180c4371,eoa_candidate,no_code,0,25512299,2026-07-11T22:16:06.660478+00:00,,,not_checked,,,,,,,,,,,,,,,,,partial,erc4337_not_checked|no_code_observed|safe_not_checked,legacy_code_snapshot,,25512299,account-evidence-v1,2026-07-11T22:16:06.660478+00:00
1,0x9241e70a87be240d7c474a5b42d03e3dbc1c0a2c,eoa_candidate,no_code,0,25512299,2026-07-11T22:16:06.660478+00:00,,,not_checked,,,,,,,,,,,,,,,,,partial,erc4337_not_checked|no_code_observed|safe_not_checked,legacy_code_snapshot,,25512299,account-evidence-v1,2026-07-11T22:16:06.660478+00:00
1,0x925cee39917f03f22669bb614a66790577ebf248,eoa_candidate,no_code,0,25512299,2026-07-11T22:16:06.660478+00:00,,,not_checked,,,,,,,,,,,,,,,,,partial,erc4337_not_checked|no_code_observed|safe_not_checked,legacy_code_snapshot,,25512299,account-evidence-v1,2026-07-11T22:16:06.660478+00:00
1,0x925f82a829b9b67f320d032202390241bab256c9,contract,contract_code,11293,25512299,2026-07-11T22:16:06.660478+00:00,,,not_checked,,,,,,,,,,,,,,,,,partial,contract_code_observed|erc4337_not_checked|safe_not_checked,legacy_code_snapshot,,25512299,account-evidence-v1,2026-07-11T22:16:06.660478+00:00
1,0x92786b17324b2c830084a4589f5bbc1fa7797f7f,eoa_candidate,no_code,0,25512299,2026-07-11T22:16:06.660478+00:00,,,not_checked,,,,,,,,,,,,,,,,,partial,erc4337_not_checked|no_code_observed|safe_not_checked,legacy_code_snapshot,,25512299,account-evidence-v1,2026-07-11T22:16:06.660478+00:00
1,0x92a6b40eceef18b744d340e82f559fa2ddd3889a,eoa_candidate,no_code,0,25512299,2026-07-11T22:16:06.660478+00:00,,,not_checked,,,,,,,,,,,,,,,,,partial,erc4337_not_checked|no_code_observed|safe_not_checked,legacy_code_snapshot,,25512299,account-evidence-v1,2026-07-11T22:16:06.660478+00:00
1,0x931db2b83157d0b442bafd6f10db371ec694b333,contract,contract_code,11293,25512299,2026-07-11T22:16:06.660478+00:00,,,not_checked,,,,,,,,,,,,,,,,,partial,contract_code_observed|erc4337_not_checked|safe_not_checked,legacy_code_snapshot,,25512299,account-evidence-v1,2026-07-11T22:16:06.660478+00:00
1,0x932fda60944d122c7d845101d89493d3c1a9f85c,contract,contract_code,11293,25512299,2026-07-11T22:16:06.660478+00:00,,,not_checked,,,,,,,,,,,,,,,,,partial,contract_code_observed|erc4337_not_checked|safe_not_checked,legacy_code_snapshot,,25512299,account-evidence-v1,2026-07-11T22:16:06.660478+00:00
1,0x941720a7731ca4952e4473bcb83ab704ee740d8b,eoa_candidate,no_code,0,25512299,2026-07-11T22:16:06.660478+00:00,,,not_checked,,,,,,,,,,,,,,,,,partial,erc4337_not_checked|no_code_observed|safe_not_checked,legacy_code_snapshot,,25512299,account-evidence-v1,2026-07-11T22:16:06.660478+00:00
1,0x944563aa6bc89d9d29902a4a8f08067c24262be1,eoa_candidate,no_code,0,25512299,2026-07-11T22:16:06.660478+00:00,,,not_checked,,,,,,,,,,,,,,,,,partial,erc4337_not_checked|no_code_observed|safe_not_checked,legacy_code_snapshot,,25512299,account-evidence-v1,2026-07-11T22:16:06.660478+00:00
1,0x9500735a641ea837a589d3c64679e5ba19cf8af0,contract,contract_code,15144,25512299,2026-07-11T22:16:06.660478+00:00,,,not_checked,,,,,,,,,,,,,,,,,partial,contract_code_observed|erc4337_not_checked|safe_not_checked,legacy_code_snapshot,,25512299,account-evidence-v1,2026-07-11T22:16:06.660478+00:00
1,0x9564bde6c2758f25f96ed5606691a294eeb4a7a5,eoa_candidate,no_code,0,25512299,2026-07-11T22:16:06.660478+00:00,,,not_checked,,,,,,,,,,,,,,,,,partial,erc4337_not_checked|no_code_observed|safe_not_checked,legacy_code_snapshot,,25512299,account-evidence-v1,2026-07-11T22:16:06.660478+00:00
1,0x957f8b72e22020a836fffac4c252ea48956ca1e0,contract,contract_code,11293,25512299,2026-07-11T22:16:06.660478+00:00,,,not_checked,,,,,,,,,,,,,,,,,partial,contract_code_observed|erc4337_not_checked|safe_not_checked,legacy_code_snapshot,,25512299,account-evidence-v1,2026-07-11T22:16:06.660478+00:00
1,0x9581d4b8fca67f0f6f7d3802d2cc798c9cefb515,eoa_candidate,no_code,0,25512299,2026-07-11T22:16:06.660478+00:00,,,not_checked,,,,,,,,,,,,,,,,,partial,erc4337_not_checked|no_code_observed|safe_not_checked,legacy_code_snapshot,,25512299,account-evidence-v1,2026-07-11T22:16:06.660478+00:00
1,0x95d12ced76c244490439268415658a28907cfd49,contract,contract_code,11293,25512299,2026-07-11T22:16:06.660478+00:00,,,not_checked,,,,,,,,,,,,,,,,,partial,contract_code_observed|erc4337_not_checked|safe_not_checked,legacy_code_snapshot,,25512299,account-evidence-v1,2026-07-11T22:16:06.660478+00:00
1,0x95dc9b364bf478c27c5b08aeb4d16f6a9d59bdb8,eoa_candidate,no_code,0,25512299,2026-07-11T22:16:06.660478+00:00,,,not_checked,,,,,,,,,,,,,,,,,partial,erc4337_not_checked|no_code_observed|safe_not_checked,legacy_code_snapshot,,25512299,account-evidence-v1,2026-07-11T22:16:06.660478+00:00
1,0x9642b23ed1e01df1092b92641051881a322f5d4e,eoa_candidate,no_code,0,25512299,2026-07-11T22:16:06.660478+00:00,,,not_checked,,,,,,,,,,,,,,,,,partial,erc4337_not_checked|no_code_observed|safe_not_checked,legacy_code_snapshot,,25512299,account-evidence-v1,2026-07-11T22:16:06.660478+00:00
1,0x9648c280e112946f93bacbd0fd1dc81abb557908,eoa_candidate,no_code,0,25512299,2026-07-11T22:16:06.660478+00:00,,,not_checked,,,,,,,,,,,,,,,,,partial,erc4337_not_checked|no_code_observed|safe_not_checked,legacy_code_snapshot,,25512299,account-evidence-v1,2026-07-11T22:16:06.660478+00:00
1,0x97b3a57243d90c407dab03ece0ce48afa8b6e3c1,eoa_candidate,no_code,0,25512299,2026-07-11T22:16:06.660478+00:00,,,not_checked,,,,,,,,,,,,,,,,,partial,erc4337_not_checked|no_code_observed|safe_not_checked,legacy_code_snapshot,,25512299,account-evidence-v1,2026-07-11T22:16:06.660478+00:00
1,0x97c9990b40fffb16be243676491b5bf4fd364c08,eoa_candidate,no_code,0,25512299,2026-07-11T22:16:06.660478+00:00,,,not_checked,,,,,,,,,,,,,,,,,partial,erc4337_not_checked|no_code_observed|safe_not_checked,legacy_code_snapshot,,25512299,account-evidence-v1,2026-07-11T22:16:06.660478+00:00
1,0x97fa1545811615ccdbba977e331d7153218956c5,contract,contract_code,11293,25512299,2026-07-11T22:16:06.660478+00:00,,,not_checked,,,,,,,,,,,,,,,,,partial,contract_code_observed|erc4337_not_checked|safe_not_checked,legacy_code_snapshot,,25512299,account-evidence-v1,2026-07-11T22:16:06.660478+00:00
1,0x984573e30a7db8575ba4d71c4af59d22933e173d,contract,contract_code,23,25512299,2026-07-11T22:16:06.660478+00:00,,,not_checked,,,,,,,,,,,,,,,,,partial,contract_code_observed|erc4337_not_checked|safe_not_checked,legacy_code_snapshot,,25512299,account-evidence-v1,2026-07-11T22:16:06.660478+00:00
1,0x9878c6513a55f60bea6512548ecab6e1c26955ce,eoa_candidate,no_code,0,25512299,2026-07-11T22:16:06.660478+00:00,,,not_checked,,,,,,,,,,,,,,,,,partial,erc4337_not_checked|no_code_observed|safe_not_checked,legacy_code_snapshot,,25512299,account-evidence-v1,2026-07-11T22:16:06.660478+00:00
1,0x98defba802b52d1fd68639bf7fc878ec339070d9,eoa_candidate,no_code,0,25512299,2026-07-11T22:16:06.660478+00:00,,,not_checked,,,,,,,,,,,,,,,,,partial,erc4337_not_checked|no_code_observed|safe_not_checked,legacy_code_snapshot,,25512299,account-evidence-v1,2026-07-11T22:16:06.660478+00:00
1,0x98f6d93ba4f14517d3655f4481118182200d1d59,eoa_candidate,no_code,0,25512299,2026-07-11T22:16:06.660478+00:00,,,not_checked,,,,,,,,,,,,,,,,,partial,erc4337_not_checked|no_code_observed|safe_not_checked,legacy_code_snapshot,,25512299,account-evidence-v1,2026-07-11T22:16:06.660478+00:00
1,0x99149438f69f61ef5c74ea765e88d0a782675d8d,eoa_candidate,no_code,0,25512299,2026-07-11T22:16:06.660478+00:00,,,not_checked,,,,,,,,,,,,,,,,,partial,erc4337_not_checked|no_code_observed|safe_not_checked,legacy_code_snapshot,,25512299,account-evidence-v1,2026-07-11T22:16:06.660478+00:00
1,0x992a430b387556ce4ae137d9703b61ea5df4a2e7,eoa_candidate,no_code,0,25512299,2026-07-11T22:16:06.660478+00:00,,,not_checked,,,,,,,,,,,,,,,,,partial,erc4337_not_checked|no_code_observed|safe_not_checked,legacy_code_snapshot,,25512299,account-evidence-v1,2026-07-11T22:16:06.660478+00:00
1,0x99615e468aebbb46d69fb458e3b3543c4c6ee246,contract,contract_code,11293,25512299,2026-07-11T22:16:06.660478+00:00,,,not_checked,,,,,,,,,,,,,,,,,partial,contract_code_observed|erc4337_not_checked|safe_not_checked,legacy_code_snapshot,,25512299,account-evidence-v1,2026-07-11T22:16:06.660478+00:00
1,0x9962f3f419ad65a96eddc7c675f149e051ba2e2e,eoa_candidate,no_code,0,25512299,2026-07-11T22:16:06.660478+00:00,,,not_checked,,,,,,,,,,,,,,,,,partial,erc4337_not_checked|no_code_observed|safe_not_checked,legacy_code_snapshot,,25512299,account-evidence-v1,2026-07-11T22:16:06.660478+00:00
1,0x99e4c84cf2e3b8bb2d9185e91d7d90d43a8f1cec,eoa_candidate,no_code,0,25512299,2026-07-11T22:16:06.660478+00:00,,,not_checked,,,,,,,,,,,,,,,,,partial,erc4337_not_checked|no_code_observed|safe_not_checked,legacy_code_snapshot,,25512299,account-evidence-v1,2026-07-11T22:16:06.660478+00:00
1,0x9a013e1cd18bb4f72ed07fa0af90d53653a51093,contract,contract_code,11293,25512299,2026-07-11T22:16:06.660478+00:00,,,not_checked,,,,,,,,,,,,,,,,,partial,contract_code_observed|erc4337_not_checked|safe_not_checked,legacy_code_snapshot,,25512299,account-evidence-v1,2026-07-11T22:16:06.660478+00:00
1,0x9a499b090ae685a4421445ddf3a23c1bd49b484f,eoa_candidate,no_code,0,25512299,2026-07-11T22:16:06.660478+00:00,,,not_checked,,,,,,,,,,,,,,,,,partial,erc4337_not_checked|no_code_observed|safe_not_checked,legacy_code_snapshot,,25512299,account-evidence-v1,2026-07-11T22:16:06.660478+00:00
1,0x9a6d1b7ab6d96ea9d7fba584d9ab025a4e3b74f2,eoa_candidate,no_code,0,25512299,2026-07-11T22:16:06.660478+00:00,,,not_checked,,,,,,,,,,,,,,,,,partial,erc4337_not_checked|no_code_observed|safe_not_checked,legacy_code_snapshot,,25512299,account-evidence-v1,2026-07-11T22:16:06.660478+00:00
1,0x9b28f6d31c61d24395301e6d8dc32cdf3cc2b3b5,contract,contract_code,11293,25512299,2026-07-11T22:16:06.660478+00:00,,,not_checked,,,,,,,,,,,,,,,,,partial,contract_code_observed|erc4337_not_checked|safe_not_checked,legacy_code_snapshot,,25512299,account-evidence-v1,2026-07-11T22:16:06.660478+00:00
1,0x9b402750fa0a37fc7cac001dd15192db1119d62e,contract,contract_code,11293,25512299,2026-07-11T22:16:06.660478+00:00,,,not_checked,,,,,,,,,,,,,,,,,partial,contract_code_observed|erc4337_not_checked|safe_not_checked,legacy_code_snapshot,,25512299,account-evidence-v1,2026-07-11T22:16:06.660478+00:00
1,0x9bd50ed8a0d183396caaf463f6c89e9deb643537,contract,contract_code,11293,25512299,2026-07-11T22:16:06.660478+00:00,,,not_checked,,,,,,,,,,,,,,,,,partial,contract_code_observed|erc4337_not_checked|safe_not_checked,legacy_code_snapshot,,25512299,account-evidence-v1,2026-07-11T22:16:06.660478+00:00
1,0x9bdbf972cda236d804156dffd5305c9947a8f836,eoa_candidate,no_code,0,25512299,2026-07-11T22:16:06.660478+00:00,,,not_checked,,,,,,,,,,,,,,,,,partial,erc4337_not_checked|no_code_observed|safe_not_checked,legacy_code_snapshot,,25512299,account-evidence-v1,2026-07-11T22:16:06.660478+00:00
1,0x9c0ebe66c785d280fb3446cef16260689276bd67,eoa_candidate,no_code,0,25512299,2026-07-11T22:16:06.660478+00:00,,,not_checked,,,,,,,,,,,,,,,,,partial,erc4337_not_checked|no_code_observed|safe_not_checked,legacy_code_snapshot,,25512299,account-evidence-v1,2026-07-11T22:16:06.660478+00:00
1,0x9c80f4be013d2b11d47835c252542c9beec497bf,eoa_candidate,no_code,0,25512299,2026-07-11T22:16:06.660478+00:00,,,not_checked,,,,,,,,,,,,,,,,,partial,erc4337_not_checked|no_code_observed|safe_not_checked,legacy_code_snapshot,,25512299,account-evidence-v1,2026-07-11T22:16:06.660478+00:00
1,0x9d0f950e0ba47e7f4559411033324ffe86dcb5e1,eoa_candidate,no_code,0,25512299,2026-07-11T22:16:06.660478+00:00,,,not_checked,,,,,,,,,,,,,,,,,partial,erc4337_not_checked|no_code_observed|safe_not_checked,legacy_code_snapshot,,25512299,account-evidence-v1,2026-07-11T22:16:06.660478+00:00
1,0x9d227e6845dc97e6a178f4cbec919dd7e230878a,eoa_candidate,no_code,0,25512299,2026-07-11T22:16:06.660478+00:00,,,not_checked,,,,,,,,,,,,,,,,,partial,erc4337_not_checked|no_code_observed|safe_not_checked,legacy_code_snapshot,,25512299,account-evidence-v1,2026-07-11T22:16:06.660478+00:00
1,0x9d307507714521f2fc2d8b96fddf00a626be0b66,eoa_candidate,no_code,0,25512299,2026-07-11T22:16:06.660478+00:00,,,not_checked,,,,,,,,,,,,,,,,,partial,erc4337_not_checked|no_code_observed|safe_not_checked,legacy_code_snapshot,,25512299,account-evidence-v1,2026-07-11T22:16:06.660478+00:00
1,0x9d4d7abddcad93c9db702af8f5aa7b9265267cda,contract,contract_code,11293,25512299,2026-07-11T22:16:06.660478+00:00,,,not_checked,,,,,,,,,,,,,,,,,partial,contract_code_observed|erc4337_not_checked|safe_not_checked,legacy_code_snapshot,,25512299,account-evidence-v1,2026-07-11T22:16:06.660478+00:00
1,0x9da2933f54bd177a0a64ec5e5227d51fd334e4c0,eoa_candidate,no_code,0,25512299,2026-07-11T22:16:06.660478+00:00,,,not_checked,,,,,,,,,,,,,,,,,partial,erc4337_not_checked|no_code_observed|safe_not_checked,legacy_code_snapshot,,25512299,account-evidence-v1,2026-07-11T22:16:06.660478+00:00
1,0x9e63e5b09dffb97b71225d0b7a570fcae5a46716,contract,contract_code,11293,25512299,2026-07-11T22:16:06.660478+00:00,,,not_checked,,,,,,,,,,,,,,,,,partial,contract_code_observed|erc4337_not_checked|safe_not_checked,legacy_code_snapshot,,25512299,account-evidence-v1,2026-07-11T22:16:06.660478+00:00
1,0x9eb500ed072f133d4da042eb6eb51095536e2e21,eoa_candidate,no_code,0,25512299,2026-07-11T22:16:06.660478+00:00,,,not_checked,,,,,,,,,,,,,,,,,partial,erc4337_not_checked|no_code_observed|safe_not_checked,legacy_code_snapshot,,25512299,account-evidence-v1,2026-07-11T22:16:06.660478+00:00
1,0x9eeb2ef3dc69433e94c1622813ba1bcdab5a90b5,contract,contract_code,11293,25512299,2026-07-11T22:16:06.660478+00:00,,,not_checked,,,,,,,,,,,,,,,,,partial,contract_code_observed|erc4337_not_checked|safe_not_checked,legacy_code_snapshot,,25512299,account-evidence-v1,2026-07-11T22:16:06.660478+00:00
1,0x9f2493d59def0fba23e6afcbdc82c6f844ba31b5,eoa_candidate,no_code,0,25512299,2026-07-11T22:16:06.660478+00:00,,,not_checked,,,,,,,,,,,,,,,,,partial,erc4337_not_checked|no_code_observed|safe_not_checked,legacy_code_snapshot,,25512299,account-evidence-v1,2026-07-11T22:16:06.660478+00:00
1,0xa04f4a4b7306cb72f30828834db01699362a4989,eoa_candidate,no_code,0,25512299,2026-07-11T22:16:06.660478+00:00,,,not_checked,,,,,,,,,,,,,,,,,partial,erc4337_not_checked|no_code_observed|safe_not_checked,legacy_code_snapshot,,25512299,account-evidence-v1,2026-07-11T22:16:06.660478+00:00
1,0xa058f4c09bf474f043eec206c882c747782d4f8b,contract,contract_code,11293,25512299,2026-07-11T22:16:06.660478+00:00,,,not_checked,,,,,,,,,,,,,,,,,partial,contract_code_observed|erc4337_not_checked|safe_not_checked,legacy_code_snapshot,,25512299,account-evidence-v1,2026-07-11T22:16:06.660478+00:00
1,0xa0b7fd1826355d345ea5b34b0758ea6a0e669d5f,eoa_candidate,no_code,0,25512299,2026-07-11T22:16:06.660478+00:00,,,not_checked,,,,,,,,,,,,,,,,,partial,erc4337_not_checked|no_code_observed|safe_not_checked,legacy_code_snapshot,,25512299,account-evidence-v1,2026-07-11T22:16:06.660478+00:00
1,0xa11283d8b5658e78b2feb8a3384a6ad7481f1ba4,contract,contract_code,11293,25512299,2026-07-11T22:16:06.660478+00:00,,,not_checked,,,,,,,,,,,,,,,,,partial,contract_code_observed|erc4337_not_checked|safe_not_checked,legacy_code_snapshot,,25512299,account-evidence-v1,2026-07-11T22:16:06.660478+00:00
1,0xa1722a9c9ff6b8d9c7c01f7bdefb45a25938dc6c,eoa_candidate,no_code,0,25512299,2026-07-11T22:16:06.660478+00:00,,,not_checked,,,,,,,,,,,,,,,,,partial,erc4337_not_checked|no_code_observed|safe_not_checked,legacy_code_snapshot,,25512299,account-evidence-v1,2026-07-11T22:16:06.660478+00:00
1,0xa1c0bc7f3224b6211fe3d9d0160c08278c8a1131,contract,contract_code,11293,25512299,2026-07-11T22:16:06.660478+00:00,,,not_checked,,,,,,,,,,,,,,,,,partial,contract_code_observed|erc4337_not_checked|safe_not_checked,legacy_code_snapshot,,25512299,account-evidence-v1,2026-07-11T22:16:06.660478+00:00
1,0xa1ccf190344a9b4b4138e7e7acca11665b446104,contract,contract_code,11642,25512299,2026-07-11T22:16:06.660478+00:00,,,not_checked,,,,,,,,,,,,,,,,,partial,contract_code_observed|erc4337_not_checked|safe_not_checked,legacy_code_snapshot,,25512299,account-evidence-v1,2026-07-11T22:16:06.660478+00:00
1,0xa28602f18eb877b0b929caaae94faed4ff402929,contract,contract_code,23,25512299,2026-07-11T22:16:06.660478+00:00,,,not_checked,,,,,,,,,,,,,,,,,partial,contract_code_observed|erc4337_not_checked|safe_not_checked,legacy_code_snapshot,,25512299,account-evidence-v1,2026-07-11T22:16:06.660478+00:00
1,0xa2985ac186356bfa0f35d2ed86fb68aba7d0a614,contract,contract_code,11293,25512299,2026-07-11T22:16:06.660478+00:00,,,not_checked,,,,,,,,,,,,,,,,,partial,contract_code_observed|erc4337_not_checked|safe_not_checked,legacy_code_snapshot,,25512299,account-evidence-v1,2026-07-11T22:16:06.660478+00:00
1,0xa2ba46597b9191d76fd6da3b59a7f1eb21e1841b,contract,contract_code,11293,25512299,2026-07-11T22:16:06.660478+00:00,,,not_checked,,,,,,,,,,,,,,,,,partial,contract_code_observed|erc4337_not_checked|safe_not_checked,legacy_code_snapshot,,25512299,account-evidence-v1,2026-07-11T22:16:06.660478+00:00
1,0xa4119608ff089f720d14f7c8595ea7811195ee9f,eoa_candidate,no_code,0,25512299,2026-07-11T22:16:06.660478+00:00,,,not_checked,,,,,,,,,,,,,,,,,partial,erc4337_not_checked|no_code_observed|safe_not_checked,legacy_code_snapshot,,25512299,account-evidence-v1,2026-07-11T22:16:06.660478+00:00
1,0xa4152b916c77614a46843263cf4f093820d386bd,eoa_candidate,no_code,0,25512299,2026-07-11T22:16:06.660478+00:00,,,not_checked,,,,,,,,,,,,,,,,,partial,erc4337_not_checked|no_code_observed|safe_not_checked,legacy_code_snapshot,,25512299,account-evidence-v1,2026-07-11T22:16:06.660478+00:00
1,0xa436c9048d4927ff69943278aae0e426f9f68755,contract,contract_code,2112,25512299,2026-07-11T22:16:06.660478+00:00,,,not_checked,,,,,,,,,,,,,,,,,partial,contract_code_observed|erc4337_not_checked|safe_not_checked,legacy_code_snapshot,,25512299,account-evidence-v1,2026-07-11T22:16:06.660478+00:00
1,0xa462b9715bbb8d25d4fff1a66a1f305d03a2cf5e,contract,contract_code,11293,25512299,2026-07-11T22:16:06.660478+00:00,,,not_checked,,,,,,,,,,,,,,,,,partial,contract_code_observed|erc4337_not_checked|safe_not_checked,legacy_code_snapshot,,25512299,account-evidence-v1,2026-07-11T22:16:06.660478+00:00
1,0xa4e150be44c5d7cd7084e3bc21ea8a30e3319fde,eoa_candidate,no_code,0,25512299,2026-07-11T22:16:06.660478+00:00,,,not_checked,,,,,,,,,,,,,,,,,partial,erc4337_not_checked|no_code_observed|safe_not_checked,legacy_code_snapshot,,25512299,account-evidence-v1,2026-07-11T22:16:06.660478+00:00
1,0xa4e6195fe9d363ce5fb0b793b9071120201d6152,contract,contract_code,11293,25512299,2026-07-11T22:16:06.660478+00:00,,,not_checked,,,,,,,,,,,,,,,,,partial,contract_code_observed|erc4337_not_checked|safe_not_checked,legacy_code_snapshot,,25512299,account-evidence-v1,2026-07-11T22:16:06.660478+00:00
1,0xa573a7abee9a07b88641a34bf7f9945c3169a176,eoa_candidate,no_code,0,25512299,2026-07-11T22:16:06.660478+00:00,,,not_checked,,,,,,,,,,,,,,,,,partial,erc4337_not_checked|no_code_observed|safe_not_checked,legacy_code_snapshot,,25512299,account-evidence-v1,2026-07-11T22:16:06.660478+00:00
1,0xa57930732f6deb41164788b28bd62e2e3bd99c19,eoa_candidate,no_code,0,25512299,2026-07-11T22:16:06.660478+00:00,,,not_checked,,,,,,,,,,,,,,,,,partial,erc4337_not_checked|no_code_observed|safe_not_checked,legacy_code_snapshot,,25512299,account-evidence-v1,2026-07-11T22:16:06.660478+00:00
1,0xa6e2839e73e623ef3853a6bd28d6f02a127a4307,eoa_candidate,no_code,0,25512299,2026-07-11T22:16:06.660478+00:00,,,not_checked,,,,,,,,,,,,,,,,,partial,erc4337_not_checked|no_code_observed|safe_not_checked,legacy_code_snapshot,,25512299,account-evidence-v1,2026-07-11T22:16:06.660478+00:00
1,0xa7003527af20001c000037a90051b19ce31eed36,contract,contract_code,1187,25512299,2026-07-11T22:16:06.660478+00:00,,,not_checked,,,,,,,,,,,,,,,,,partial,contract_code_observed|erc4337_not_checked|safe_not_checked,legacy_code_snapshot,,25512299,account-evidence-v1,2026-07-11T22:16:06.660478+00:00
1,0xa705b8bf4dc7fea950b717a3b486e864d8511b51,eoa_candidate,no_code,0,25512299,2026-07-11T22:16:06.660478+00:00,,,not_checked,,,,,,,,,,,,,,,,,partial,erc4337_not_checked|no_code_observed|safe_not_checked,legacy_code_snapshot,,25512299,account-evidence-v1,2026-07-11T22:16:06.660478+00:00
1,0xa71b05d25737cbf88eb5558a3a3487a3feecb022,contract,contract_code,11293,25512299,2026-07-11T22:16:06.660478+00:00,,,not_checked,,,,,,,,,,,,,,,,,partial,contract_code_observed|erc4337_not_checked|safe_not_checked,legacy_code_snapshot,,25512299,account-evidence-v1,2026-07-11T22:16:06.660478+00:00
1,0xa772ab31683ec70a0c9e6738e0c782bd04b04976,contract,contract_code,11293,25512299,2026-07-11T22:16:06.660478+00:00,,,not_checked,,,,,,,,,,,,,,,,,partial,contract_code_observed|erc4337_not_checked|safe_not_checked,legacy_code_snapshot,,25512299,account-evidence-v1,2026-07-11T22:16:06.660478+00:00
1,0xa7858231b01e8e8b7295a243634cc39e1e4ea477,contract,contract_code,23,25512299,2026-07-11T22:16:06.660478+00:00,,,not_checked,,,,,,,,,,,,,,,,,partial,contract_code_observed|erc4337_not_checked|safe_not_checked,legacy_code_snapshot,,25512299,account-evidence-v1,2026-07-11T22:16:06.660478+00:00
1,0xa7aeefc7945f034439282f3ce985cc133976ba7a,eoa_candidate,no_code,0,25512299,2026-07-11T22:16:06.660478+00:00,,,not_checked,,,,,,,,,,,,,,,,,partial,erc4337_not_checked|no_code_observed|safe_not_checked,legacy_code_snapshot,,25512299,account-evidence-v1,2026-07-11T22:16:06.660478+00:00
1,0xa7afde490f4a21463e8bf3fed98c4226964e291c,eoa_candidate,no_code,0,25512299,2026-07-11T22:16:06.660478+00:00,,,not_checked,,,,,,,,,,,,,,,,,partial,erc4337_not_checked|no_code_observed|safe_not_checked,legacy_code_snapshot,,25512299,account-evidence-v1,2026-07-11T22:16:06.660478+00:00
1,0xa7b900f9acf394ec1290ac758814830f0de787c2,contract,contract_code,23,25512299,2026-07-11T22:16:06.660478+00:00,,,not_checked,,,,,,,,,,,,,,,,,partial,contract_code_observed|erc4337_not_checked|safe_not_checked,legacy_code_snapshot,,25512299,account-evidence-v1,2026-07-11T22:16:06.660478+00:00
1,0xa8382de3205daf0c5b45efbf8bd3fa67c4604c11,eoa_candidate,no_code,0,25512299,2026-07-11T22:16:06.660478+00:00,,,not_checked,,,,,,,,,,,,,,,,,partial,erc4337_not_checked|no_code_observed|safe_not_checked,legacy_code_snapshot,,25512299,account-evidence-v1,2026-07-11T22:16:06.660478+00:00
1,0xa9048585166f4f7c4589ade19567bb538035ed36,contract,contract_code,9477,25512299,2026-07-11T22:16:06.660478+00:00,,,not_checked,,,,,,,,,,,,,,,,,partial,contract_code_observed|erc4337_not_checked|safe_not_checked,legacy_code_snapshot,,25512299,account-evidence-v1,2026-07-11T22:16:06.660478+00:00
1,0xa93f5c7b6272d09a81c6369bbdc40c1425ad05e8,contract,contract_code,11293,25512299,2026-07-11T22:16:06.660478+00:00,,,not_checked,,,,,,,,,,,,,,,,,partial,contract_code_observed|erc4337_not_checked|safe_not_checked,legacy_code_snapshot,,25512299,account-evidence-v1,2026-07-11T22:16:06.660478+00:00
1,0xa96061bcaabb5251ab3c17db318d6d0cda002432,eoa_candidate,no_code,0,25512299,2026-07-11T22:16:06.660478+00:00,,,not_checked,,,,,,,,,,,,,,,,,partial,erc4337_not_checked|no_code_observed|safe_not_checked,legacy_code_snapshot,,25512299,account-evidence-v1,2026-07-11T22:16:06.660478+00:00
1,0xa9d1e08c7793af67e9d92fe308d5697fb81d3e43,contract,contract_code,6889,25512299,2026-07-11T22:16:06.660478+00:00,,,not_checked,,,,,,,,,,,,,,,,,partial,contract_code_observed|erc4337_not_checked|safe_not_checked,legacy_code_snapshot,,25512299,account-evidence-v1,2026-07-11T22:16:06.660478+00:00
1,0xa9fa3834f0fe7c6d26b9f435c30efe78884210d9,eoa_candidate,no_code,0,25512299,2026-07-11T22:16:06.660478+00:00,,,not_checked,,,,,,,,,,,,,,,,,partial,erc4337_not_checked|no_code_observed|safe_not_checked,legacy_code_snapshot,,25512299,account-evidence-v1,2026-07-11T22:16:06.660478+00:00
1,0xaa08d9a5d2bc7cafbbee866f07df89618ebe713c,eoa_candidate,no_code,0,25512299,2026-07-11T22:16:06.660478+00:00,,,not_checked,,,,,,,,,,,,,,,,,partial,erc4337_not_checked|no_code_observed|safe_not_checked,legacy_code_snapshot,,25512299,account-evidence-v1,2026-07-11T22:16:06.660478+00:00
1,0xaa2303308150f61d941dd0cb53b6b6de6b732383,eoa_candidate,no_code,0,25512299,2026-07-11T22:16:06.660478+00:00,,,not_checked,,,,,,,,,,,,,,,,,partial,erc4337_not_checked|no_code_observed|safe_not_checked,legacy_code_snapshot,,25512299,account-evidence-v1,2026-07-11T22:16:06.660478+00:00
1,0xaa2316a6129ad14bfa063ccc312a8caab4030084,contract,contract_code,11293,25512299,2026-07-11T22:16:06.660478+00:00,,,not_checked,,,,,,,,,,,,,,,,,partial,contract_code_observed|erc4337_not_checked|safe_not_checked,legacy_code_snapshot,,25512299,account-evidence-v1,2026-07-11T22:16:06.660478+00:00
1,0xaaa8b533497d09633775fff60b4cc1f962b30669,eoa_candidate,no_code,0,25512299,2026-07-11T22:16:06.660478+00:00,,,not_checked,,,,,,,,,,,,,,,,,partial,erc4337_not_checked|no_code_observed|safe_not_checked,legacy_code_snapshot,,25512299,account-evidence-v1,2026-07-11T22:16:06.660478+00:00
1,0xaaefa74e6d545f3487beec39a3f78c49dd3ffb5d,eoa_candidate,no_code,0,25512299,2026-07-11T22:16:06.660478+00:00,,,not_checked,,,,,,,,,,,,,,,,,partial,erc4337_not_checked|no_code_observed|safe_not_checked,legacy_code_snapshot,,25512299,account-evidence-v1,2026-07-11T22:16:06.660478+00:00
1,0xab2834d007e45d7dd10654bd5d030ca84493038e,eoa_candidate,no_code,0,25512299,2026-07-11T22:16:06.660478+00:00,,,not_checked,,,,,,,,,,,,,,,,,partial,erc4337_not_checked|no_code_observed|safe_not_checked,legacy_code_snapshot,,25512299,account-evidence-v1,2026-07-11T22:16:06.660478+00:00
1,0xab416865d3e810743808bcc753f7ebf278c601a0,contract,contract_code,11293,25512299,2026-07-11T22:16:06.660478+00:00,,,not_checked,,,,,,,,,,,,,,,,,partial,contract_code_observed|erc4337_not_checked|safe_not_checked,legacy_code_snapshot,,25512299,account-evidence-v1,2026-07-11T22:16:06.660478+00:00
1,0xab4c099454da9ca0ff07ce32ba9a31b1ee1f9496,contract,contract_code,11293,25512299,2026-07-11T22:16:06.660478+00:00,,,not_checked,,,,,,,,,,,,,,,,,partial,contract_code_observed|erc4337_not_checked|safe_not_checked,legacy_code_snapshot,,25512299,account-evidence-v1,2026-07-11T22:16:06.660478+00:00
1,0xab5801a7d398351b8be11c439e05c5b3259aec9b,contract,contract_code,23,25512299,2026-07-11T22:16:06.660478+00:00,,,not_checked,,,,,,,,,,,,,,,,,partial,contract_code_observed|erc4337_not_checked|safe_not_checked,legacy_code_snapshot,,25512299,account-evidence-v1,2026-07-11T22:16:06.660478+00:00
1,0xab6a171a6aeae01565fb22b4008bc16f7000fef4,eoa_candidate,no_code,0,25512299,2026-07-11T22:16:06.660478+00:00,,,not_checked,,,,,,,,,,,,,,,,,partial,erc4337_not_checked|no_code_observed|safe_not_checked,legacy_code_snapshot,,25512299,account-evidence-v1,2026-07-11T22:16:06.660478+00:00
1,0xabad833d66c2999cafec333f2948c628be1d4a53,eoa_candidate,no_code,0,25512299,2026-07-11T22:16:06.660478+00:00,,,not_checked,,,,,,,,,,,,,,,,,partial,erc4337_not_checked|no_code_observed|safe_not_checked,legacy_code_snapshot,,25512299,account-evidence-v1,2026-07-11T22:16:06.660478+00:00
1,0xac3446f9e80e20f370d9a50d9c85daf216f5afdc,eoa_candidate,no_code,0,25512299,2026-07-11T22:16:06.660478+00:00,,,not_checked,,,,,,,,,,,,,,,,,partial,erc4337_not_checked|no_code_observed|safe_not_checked,legacy_code_snapshot,,25512299,account-evidence-v1,2026-07-11T22:16:06.660478+00:00
1,0xac5cf8bf26043b7284d71df7e3e28d74e3aaa52c,eoa_candidate,no_code,0,25512299,2026-07-11T22:16:06.660478+00:00,,,not_checked,,,,,,,,,,,,,,,,,partial,erc4337_not_checked|no_code_observed|safe_not_checked,legacy_code_snapshot,,25512299,account-evidence-v1,2026-07-11T22:16:06.660478+00:00
1,0xac898f326eb43ba13bae0c6bd64091f1707b3218,eoa_candidate,no_code,0,25512299,2026-07-11T22:16:06.660478+00:00,,,not_checked,,,,,,,,,,,,,,,,,partial,erc4337_not_checked|no_code_observed|safe_not_checked,legacy_code_snapshot,,25512299,account-evidence-v1,2026-07-11T22:16:06.660478+00:00
1,0xaca88aba9db7546161e5eb81f119b242538dc1e2,eoa_candidate,no_code,0,25512299,2026-07-11T22:16:06.660478+00:00,,,not_checked,,,,,,,,,,,,,,,,,partial,erc4337_not_checked|no_code_observed|safe_not_checked,legacy_code_snapshot,,25512299,account-evidence-v1,2026-07-11T22:16:06.660478+00:00
1,0xacaff1088b8c89b7c5c72aaf4b914ef029f61b16,eoa_candidate,no_code,0,25512299,2026-07-11T22:16:06.660478+00:00,,,not_checked,,,,,,,,,,,,,,,,,partial,erc4337_not_checked|no_code_observed|safe_not_checked,legacy_code_snapshot,,25512299,account-evidence-v1,2026-07-11T22:16:06.660478+00:00
1,0xacb9f232f263e6610b7a1289c2d32c09019fad9e,eoa_candidate,no_code,0,25512299,2026-07-11T22:16:06.660478+00:00,,,not_checked,,,,,,,,,,,,,,,,,partial,erc4337_not_checked|no_code_observed|safe_not_checked,legacy_code_snapshot,,25512299,account-evidence-v1,2026-07-11T22:16:06.660478+00:00
1,0xad0fcf2e0b650d1e1fb9a7575d7d2f37a5680831,contract,contract_code,11293,25512299,2026-07-11T22:16:06.660478+00:00,,,not_checked,,,,,,,,,,,,,,,,,partial,contract_code_observed|erc4337_not_checked|safe_not_checked,legacy_code_snapshot,,25512299,account-evidence-v1,2026-07-11T22:16:06.660478+00:00
1,0xad3082a90022ff65aab93c9852a44a830c1b36ce,contract,contract_code,11293,25512299,2026-07-11T22:16:06.660478+00:00,,,not_checked,,,,,,,,,,,,,,,,,partial,contract_code_observed|erc4337_not_checked|safe_not_checked,legacy_code_snapshot,,25512299,account-evidence-v1,2026-07-11T22:16:06.660478+00:00
1,0xad8656f62d5ec693f4cc0cac8f9a7db0983bbb07,eoa_candidate,no_code,0,25512299,2026-07-11T22:16:06.660478+00:00,,,not_checked,,,,,,,,,,,,,,,,,partial,erc4337_not_checked|no_code_observed|safe_not_checked,legacy_code_snapshot,,25512299,account-evidence-v1,2026-07-11T22:16:06.660478+00:00
1,0xada819cf9350efe8c866ad1691154aef019cdede,eoa_candidate,no_code,0,25512299,2026-07-11T22:16:06.660478+00:00,,,not_checked,,,,,,,,,,,,,,,,,partial,erc4337_not_checked|no_code_observed|safe_not_checked,legacy_code_snapshot,,25512299,account-evidence-v1,2026-07-11T22:16:06.660478+00:00
1,0xadce785e64880a4422b88d79747d2372fbde9552,eoa_candidate,no_code,0,25512299,2026-07-11T22:16:06.660478+00:00,,,not_checked,,,,,,,,,,,,,,,,,partial,erc4337_not_checked|no_code_observed|safe_not_checked,legacy_code_snapshot,,25512299,account-evidence-v1,2026-07-11T22:16:06.660478+00:00
1,0xadd4e14e07fb0e2a63de9f506685e6dca1d58935,contract,contract_code,11293,25512299,2026-07-11T22:16:06.660478+00:00,,,not_checked,,,,,,,,,,,,,,,,,partial,contract_code_observed|erc4337_not_checked|safe_not_checked,legacy_code_snapshot,,25512299,account-evidence-v1,2026-07-11T22:16:06.660478+00:00
1,0xae36a530781c4678ed1e4a189823ce3aa70146f8,eoa_candidate,no_code,0,25512299,2026-07-11T22:16:06.660478+00:00,,,not_checked,,,,,,,,,,,,,,,,,partial,erc4337_not_checked|no_code_observed|safe_not_checked,legacy_code_snapshot,,25512299,account-evidence-v1,2026-07-11T22:16:06.660478+00:00
1,0xae690b82b56379d899d57ac52ad2f4021265f245,contract,contract_code,11293,25512299,2026-07-11T22:16:06.660478+00:00,,,not_checked,,,,,,,,,,,,,,,,,partial,contract_code_observed|erc4337_not_checked|safe_not_checked,legacy_code_snapshot,,25512299,account-evidence-v1,2026-07-11T22:16:06.660478+00:00
1,0xaf0193d1d6d93c6ce2c34cad3cd22c8fd39c80d8,contract,contract_code,171,25512299,2026-07-11T22:16:06.660478+00:00,,,not_checked,,,,,,,,,,,,,,,,,partial,contract_code_observed|erc4337_not_checked|safe_not_checked,legacy_code_snapshot,,25512299,account-evidence-v1,2026-07-11T22:16:06.660478+00:00
1,0xaf22a1a05ac191963668f5fae0b22ae1d0de42d7,eoa_candidate,no_code,0,25512299,2026-07-11T22:16:06.660478+00:00,,,not_checked,,,,,,,,,,,,,,,,,partial,erc4337_not_checked|no_code_observed|safe_not_checked,legacy_code_snapshot,,25512299,account-evidence-v1,2026-07-11T22:16:06.660478+00:00
1,0xaf9756fe90360c89a7ce47ee6380b2fa720dd186,eoa_candidate,no_code,0,25512299,2026-07-11T22:16:06.660478+00:00,,,not_checked,,,,,,,,,,,,,,,,,partial,erc4337_not_checked|no_code_observed|safe_not_checked,legacy_code_snapshot,,25512299,account-evidence-v1,2026-07-11T22:16:06.660478+00:00
1,0xafe8e2d70819509c3176ded40742a8fdfb351d60,contract,contract_code,11293,25512299,2026-07-11T22:16:06.660478+00:00,,,not_checked,,,,,,,,,,,,,,,,,partial,contract_code_observed|erc4337_not_checked|safe_not_checked,legacy_code_snapshot,,25512299,account-evidence-v1,2026-07-11T22:16:06.660478+00:00
1,0xb08d25a499d708f893ef88647d7aa2cfe9d7e1a9,contract,contract_code,11293,25512299,2026-07-11T22:16:06.660478+00:00,,,not_checked,,,,,,,,,,,,,,,,,partial,contract_code_observed|erc4337_not_checked|safe_not_checked,legacy_code_snapshot,,25512299,account-evidence-v1,2026-07-11T22:16:06.660478+00:00
1,0xb092e7f72f48b9a0cc72d510c34c26c81e5b3e37,contract,contract_code,11293,25512299,2026-07-11T22:16:06.660478+00:00,,,not_checked,,,,,,,,,,,,,,,,,partial,contract_code_observed|erc4337_not_checked|safe_not_checked,legacy_code_snapshot,,25512299,account-evidence-v1,2026-07-11T22:16:06.660478+00:00
1,0xb0c4bc0f0eddd55dacfd5a557a42baf6b0e87a65,contract,contract_code,11293,25512299,2026-07-11T22:16:06.660478+00:00,,,not_checked,,,,,,,,,,,,,,,,,partial,contract_code_observed|erc4337_not_checked|safe_not_checked,legacy_code_snapshot,,25512299,account-evidence-v1,2026-07-11T22:16:06.660478+00:00
1,0xb125eea75c713f7ffee5e3c72f3b10d131e28b7d,contract,contract_code,11293,25512299,2026-07-11T22:16:06.660478+00:00,,,not_checked,,,,,,,,,,,,,,,,,partial,contract_code_observed|erc4337_not_checked|safe_not_checked,legacy_code_snapshot,,25512299,account-evidence-v1,2026-07-11T22:16:06.660478+00:00
1,0xb184af95391b0ed1d92652d39c0291e9e7cc9060,contract,contract_code,23,25512299,2026-07-11T22:16:06.660478+00:00,,,not_checked,,,,,,,,,,,,,,,,,partial,contract_code_observed|erc4337_not_checked|safe_not_checked,legacy_code_snapshot,,25512299,account-evidence-v1,2026-07-11T22:16:06.660478+00:00
1,0xb1bc6930b5e3e3d75dc9e9906dcd170d0d126a42,contract,contract_code,2112,25512299,2026-07-11T22:16:06.660478+00:00,,,not_checked,,,,,,,,,,,,,,,,,partial,contract_code_observed|erc4337_not_checked|safe_not_checked,legacy_code_snapshot,,25512299,account-evidence-v1,2026-07-11T22:16:06.660478+00:00
1,0xb1bd6a87dbf3fa0c7aab4c8e273626f4180f16e5,contract,contract_code,11293,25512299,2026-07-11T22:16:06.660478+00:00,,,not_checked,,,,,,,,,,,,,,,,,partial,contract_code_observed|erc4337_not_checked|safe_not_checked,legacy_code_snapshot,,25512299,account-evidence-v1,2026-07-11T22:16:06.660478+00:00
1,0xb20bf6d7f60059dd5de46f3f0f32665a259ea6c0,eoa_candidate,no_code,0,25512299,2026-07-11T22:16:06.660478+00:00,,,not_checked,,,,,,,,,,,,,,,,,partial,erc4337_not_checked|no_code_observed|safe_not_checked,legacy_code_snapshot,,25512299,account-evidence-v1,2026-07-11T22:16:06.660478+00:00
1,0xb22d050ddad4b9308fbfc1d13149de8775c3ba49,eoa_candidate,no_code,0,25512299,2026-07-11T22:16:06.660478+00:00,,,not_checked,,,,,,,,,,,,,,,,,partial,erc4337_not_checked|no_code_observed|safe_not_checked,legacy_code_snapshot,,25512299,account-evidence-v1,2026-07-11T22:16:06.660478+00:00
1,0xb23e8c29a9cc468ba60e0438233398bdb64a6897,eoa_candidate,no_code,0,25512299,2026-07-11T22:16:06.660478+00:00,,,not_checked,,,,,,,,,,,,,,,,,partial,erc4337_not_checked|no_code_observed|safe_not_checked,legacy_code_snapshot,,25512299,account-evidence-v1,2026-07-11T22:16:06.660478+00:00
1,0xb26481fa5775d85d6a3a8bf3ce48ed844964524b,eoa_candidate,no_code,0,25512299,2026-07-11T22:16:06.660478+00:00,,,not_checked,,,,,,,,,,,,,,,,,partial,erc4337_not_checked|no_code_observed|safe_not_checked,legacy_code_snapshot,,25512299,account-evidence-v1,2026-07-11T22:16:06.660478+00:00
1,0xb2c38780061d82adb9bd6d978a78fbc900937627,eoa_candidate,no_code,0,25512299,2026-07-11T22:16:06.660478+00:00,,,not_checked,,,,,,,,,,,,,,,,,partial,erc4337_not_checked|no_code_observed|safe_not_checked,legacy_code_snapshot,,25512299,account-evidence-v1,2026-07-11T22:16:06.660478+00:00
1,0xb35dc45877384ab8006e3707e1698c9ff67cdec1,contract,contract_code,11293,25512299,2026-07-11T22:16:06.660478+00:00,,,not_checked,,,,,,,,,,,,,,,,,partial,contract_code_observed|erc4337_not_checked|safe_not_checked,legacy_code_snapshot,,25512299,account-evidence-v1,2026-07-11T22:16:06.660478+00:00
1,0xb4282b8b6feafad7a4731cb377340c2a519d770b,eoa_candidate,no_code,0,25512299,2026-07-11T22:16:06.660478+00:00,,,not_checked,,,,,,,,,,,,,,,,,partial,erc4337_not_checked|no_code_observed|safe_not_checked,legacy_code_snapshot,,25512299,account-evidence-v1,2026-07-11T22:16:06.660478+00:00
1,0xb42c8522ab8565642481ecc9b9ca16824e210bd9,contract,contract_code,11293,25512299,2026-07-11T22:16:06.660478+00:00,,,not_checked,,,,,,,,,,,,,,,,,partial,contract_code_observed|erc4337_not_checked|safe_not_checked,legacy_code_snapshot,,25512299,account-evidence-v1,2026-07-11T22:16:06.660478+00:00
1,0xb46d59b2edd08e56d87e213dcc41185e75b3f7ba,contract,contract_code,11293,25512299,2026-07-11T22:16:06.660478+00:00,,,not_checked,,,,,,,,,,,,,,,,,partial,contract_code_observed|erc4337_not_checked|safe_not_checked,legacy_code_snapshot,,25512299,account-evidence-v1,2026-07-11T22:16:06.660478+00:00
1,0xb4926dea9bc87d795a3ba49d2307c49c94a3ac4a,eoa_candidate,no_code,0,25512299,2026-07-11T22:16:06.660478+00:00,,,not_checked,,,,,,,,,,,,,,,,,partial,erc4337_not_checked|no_code_observed|safe_not_checked,legacy_code_snapshot,,25512299,account-evidence-v1,2026-07-11T22:16:06.660478+00:00
1,0xb4a1a81560db4ffbfda8d573b733b3e3833d4bbb,eoa_candidate,no_code,0,25512299,2026-07-11T22:16:06.660478+00:00,,,not_checked,,,,,,,,,,,,,,,,,partial,erc4337_not_checked|no_code_observed|safe_not_checked,legacy_code_snapshot,,25512299,account-evidence-v1,2026-07-11T22:16:06.660478+00:00
1,0xb4b41d902d5f9322436f613f168855652c52a2b7,eoa_candidate,no_code,0,25512299,2026-07-11T22:16:06.660478+00:00,,,not_checked,,,,,,,,,,,,,,,,,partial,erc4337_not_checked|no_code_observed|safe_not_checked,legacy_code_snapshot,,25512299,account-evidence-v1,2026-07-11T22:16:06.660478+00:00
1,0xb4ca8f136bc0e196ee8b495251d68f3d9d9e29fd,eoa_candidate,no_code,0,25512299,2026-07-11T22:16:06.660478+00:00,,,not_checked,,,,,,,,,,,,,,,,,partial,erc4337_not_checked|no_code_observed|safe_not_checked,legacy_code_snapshot,,25512299,account-evidence-v1,2026-07-11T22:16:06.660478+00:00
1,0xb4fe1e2059bca5ed20edd38507197cb1b68a9ede,eoa_candidate,no_code,0,25512299,2026-07-11T22:16:06.660478+00:00,,,not_checked,,,,,,,,,,,,,,,,,partial,erc4337_not_checked|no_code_observed|safe_not_checked,legacy_code_snapshot,,25512299,account-evidence-v1,2026-07-11T22:16:06.660478+00:00
1,0xb54640d76aab622214607833ccf3118a4810e151,eoa_candidate,no_code,0,25512299,2026-07-11T22:16:06.660478+00:00,,,not_checked,,,,,,,,,,,,,,,,,partial,erc4337_not_checked|no_code_observed|safe_not_checked,legacy_code_snapshot,,25512299,account-evidence-v1,2026-07-11T22:16:06.660478+00:00
1,0xb5af9b2cb358a25ed3af6012234a75c5aa78947c,eoa_candidate,no_code,0,25512299,2026-07-11T22:16:06.660478+00:00,,,not_checked,,,,,,,,,,,,,,,,,partial,erc4337_not_checked|no_code_observed|safe_not_checked,legacy_code_snapshot,,25512299,account-evidence-v1,2026-07-11T22:16:06.660478+00:00
1,0xb5b99af1bfedecb9e662985749a5f80c4abfcec3,eoa_candidate,no_code,0,25512299,2026-07-11T22:16:06.660478+00:00,,,not_checked,,,,,,,,,,,,,,,,,partial,erc4337_not_checked|no_code_observed|safe_not_checked,legacy_code_snapshot,,25512299,account-evidence-v1,2026-07-11T22:16:06.660478+00:00
1,0xb5eb2df6999393371ac0d6c0b0b2407d81406895,contract,contract_code,11293,25512299,2026-07-11T22:16:06.660478+00:00,,,not_checked,,,,,,,,,,,,,,,,,partial,contract_code_observed|erc4337_not_checked|safe_not_checked,legacy_code_snapshot,,25512299,account-evidence-v1,2026-07-11T22:16:06.660478+00:00
1,0xb5fd5318956772adefd40aeeab97c46c3c3c73ed,contract,contract_code,11293,25512299,2026-07-11T22:16:06.660478+00:00,,,not_checked,,,,,,,,,,,,,,,,,partial,contract_code_observed|erc4337_not_checked|safe_not_checked,legacy_code_snapshot,,25512299,account-evidence-v1,2026-07-11T22:16:06.660478+00:00
1,0xb6192bc04c154cb988237ba4623b86844e6e00ba,contract,contract_code,11293,25512299,2026-07-11T22:16:06.660478+00:00,,,not_checked,,,,,,,,,,,,,,,,,partial,contract_code_observed|erc4337_not_checked|safe_not_checked,legacy_code_snapshot,,25512299,account-evidence-v1,2026-07-11T22:16:06.660478+00:00
1,0xb672fac37f49561d93425a71534e5b31a59e1dc3,eoa_candidate,no_code,0,25512299,2026-07-11T22:16:06.660478+00:00,,,not_checked,,,,,,,,,,,,,,,,,partial,erc4337_not_checked|no_code_observed|safe_not_checked,legacy_code_snapshot,,25512299,account-evidence-v1,2026-07-11T22:16:06.660478+00:00
1,0xb6b0a9f1a662ca089a9704e683f7c30e44cdf50b,eoa_candidate,no_code,0,25512299,2026-07-11T22:16:06.660478+00:00,,,not_checked,,,,,,,,,,,,,,,,,partial,erc4337_not_checked|no_code_observed|safe_not_checked,legacy_code_snapshot,,25512299,account-evidence-v1,2026-07-11T22:16:06.660478+00:00
1,0xb6e756fe828d6c0c71ca186a92e9fab29b6bc567,contract,contract_code,11293,25512299,2026-07-11T22:16:06.660478+00:00,,,not_checked,,,,,,,,,,,,,,,,,partial,contract_code_observed|erc4337_not_checked|safe_not_checked,legacy_code_snapshot,,25512299,account-evidence-v1,2026-07-11T22:16:06.660478+00:00
1,0xb742e70879f0f9e24e89e031b31bf87353be19ff,contract,contract_code,11293,25512299,2026-07-11T22:16:06.660478+00:00,,,not_checked,,,,,,,,,,,,,,,,,partial,contract_code_observed|erc4337_not_checked|safe_not_checked,legacy_code_snapshot,,25512299,account-evidence-v1,2026-07-11T22:16:06.660478+00:00
1,0xb7df185cf18cd36f5a460d2f51c9d4310d96b891,eoa_candidate,no_code,0,25512299,2026-07-11T22:16:06.660478+00:00,,,not_checked,,,,,,,,,,,,,,,,,partial,erc4337_not_checked|no_code_observed|safe_not_checked,legacy_code_snapshot,,25512299,account-evidence-v1,2026-07-11T22:16:06.660478+00:00
1,0xb7f643a3ae05e74182078f4e4e4e390d5ca9bf8a,eoa_candidate,no_code,0,25512299,2026-07-11T22:16:06.660478+00:00,,,not_checked,,,,,,,,,,,,,,,,,partial,erc4337_not_checked|no_code_observed|safe_not_checked,legacy_code_snapshot,,25512299,account-evidence-v1,2026-07-11T22:16:06.660478+00:00
1,0xb82841af14665047617b868943aad589db07bd1c,eoa_candidate,no_code,0,25512299,2026-07-11T22:16:06.660478+00:00,,,not_checked,,,,,,,,,,,,,,,,,partial,erc4337_not_checked|no_code_observed|safe_not_checked,legacy_code_snapshot,,25512299,account-evidence-v1,2026-07-11T22:16:06.660478+00:00
1,0xb849960ad8ebafb2dd0e60e57fc69d77cbb6ab5e,eoa_candidate,no_code,0,25512299,2026-07-11T22:16:06.660478+00:00,,,not_checked,,,,,,,,,,,,,,,,,partial,erc4337_not_checked|no_code_observed|safe_not_checked,legacy_code_snapshot,,25512299,account-evidence-v1,2026-07-11T22:16:06.660478+00:00
1,0xb85a8e652e10f9d9caf564f5c96ca4270091bc82,eoa_candidate,no_code,0,25512299,2026-07-11T22:16:06.660478+00:00,,,not_checked,,,,,,,,,,,,,,,,,partial,erc4337_not_checked|no_code_observed|safe_not_checked,legacy_code_snapshot,,25512299,account-evidence-v1,2026-07-11T22:16:06.660478+00:00
1,0xb8618d9d13e2baa299bb726b413ff66418efbbd0,eoa_candidate,no_code,0,25512299,2026-07-11T22:16:06.660478+00:00,,,not_checked,,,,,,,,,,,,,,,,,partial,erc4337_not_checked|no_code_observed|safe_not_checked,legacy_code_snapshot,,25512299,account-evidence-v1,2026-07-11T22:16:06.660478+00:00
1,0xb8e2b8df770211e168895c4232ea1390c9fe14b5,eoa_candidate,no_code,0,25512299,2026-07-11T22:16:06.660478+00:00,,,not_checked,,,,,,,,,,,,,,,,,partial,erc4337_not_checked|no_code_observed|safe_not_checked,legacy_code_snapshot,,25512299,account-evidence-v1,2026-07-11T22:16:06.660478+00:00
1,0xb94703f845a0dc4309532863b6928a56126087a1,eoa_candidate,no_code,0,25512299,2026-07-11T22:16:06.660478+00:00,,,not_checked,,,,,,,,,,,,,,,,,partial,erc4337_not_checked|no_code_observed|safe_not_checked,legacy_code_snapshot,,25512299,account-evidence-v1,2026-07-11T22:16:06.660478+00:00
1,0xb983b0759c715b807ca4d33a871d4e26b8384f6a,contract,contract_code,11293,25512299,2026-07-11T22:16:06.660478+00:00,,,not_checked,,,,,,,,,,,,,,,,,partial,contract_code_observed|erc4337_not_checked|safe_not_checked,legacy_code_snapshot,,25512299,account-evidence-v1,2026-07-11T22:16:06.660478+00:00
1,0xb98fa97eac9bfc3bea31105160548a79e0a4aca3,eoa_candidate,no_code,0,25512299,2026-07-11T22:16:06.660478+00:00,,,not_checked,,,,,,,,,,,,,,,,,partial,erc4337_not_checked|no_code_observed|safe_not_checked,legacy_code_snapshot,,25512299,account-evidence-v1,2026-07-11T22:16:06.660478+00:00
1,0xba608a80cca1b5a4c35da2965b6afcc5db9d24c1,eoa_candidate,no_code,0,25512299,2026-07-11T22:16:06.660478+00:00,,,not_checked,,,,,,,,,,,,,,,,,partial,erc4337_not_checked|no_code_observed|safe_not_checked,legacy_code_snapshot,,25512299,account-evidence-v1,2026-07-11T22:16:06.660478+00:00
1,0xba7120defcf071101382f06c3156d42880e5d9f6,eoa_candidate,no_code,0,25512299,2026-07-11T22:16:06.660478+00:00,,,not_checked,,,,,,,,,,,,,,,,,partial,erc4337_not_checked|no_code_observed|safe_not_checked,legacy_code_snapshot,,25512299,account-evidence-v1,2026-07-11T22:16:06.660478+00:00
1,0xbaa57e831a7819c1127b4814375f58d0f32aa76a,contract,contract_code,11293,25512299,2026-07-11T22:16:06.660478+00:00,,,not_checked,,,,,,,,,,,,,,,,,partial,contract_code_observed|erc4337_not_checked|safe_not_checked,legacy_code_snapshot,,25512299,account-evidence-v1,2026-07-11T22:16:06.660478+00:00
1,0xbb0e37cbf46c738a6224f0b9149bee0b98e3a666,eoa_candidate,no_code,0,25512299,2026-07-11T22:16:06.660478+00:00,,,not_checked,,,,,,,,,,,,,,,,,partial,erc4337_not_checked|no_code_observed|safe_not_checked,legacy_code_snapshot,,25512299,account-evidence-v1,2026-07-11T22:16:06.660478+00:00
1,0xbb4cc87889ad52a5c11fa1207bf63131310f4886,eoa_candidate,no_code,0,25512299,2026-07-11T22:16:06.660478+00:00,,,not_checked,,,,,,,,,,,,,,,,,partial,erc4337_not_checked|no_code_observed|safe_not_checked,legacy_code_snapshot,,25512299,account-evidence-v1,2026-07-11T22:16:06.660478+00:00
1,0xbb8bda68ea4b0b84ef822d0332ad358f10a5c296,contract,contract_code,11293,25512299,2026-07-11T22:16:06.660478+00:00,,,not_checked,,,,,,,,,,,,,,,,,partial,contract_code_observed|erc4337_not_checked|safe_not_checked,legacy_code_snapshot,,25512299,account-evidence-v1,2026-07-11T22:16:06.660478+00:00
1,0xbbbe14c265934ce2ab2e0d36d88a4e4b13b1dd7a,eoa_candidate,no_code,0,25512299,2026-07-11T22:16:06.660478+00:00,,,not_checked,,,,,,,,,,,,,,,,,partial,erc4337_not_checked|no_code_observed|safe_not_checked,legacy_code_snapshot,,25512299,account-evidence-v1,2026-07-11T22:16:06.660478+00:00
1,0xbc4f565df4e6222da9d55120a5d111435445ce67,eoa_candidate,no_code,0,25512299,2026-07-11T22:16:06.660478+00:00,,,not_checked,,,,,,,,,,,,,,,,,partial,erc4337_not_checked|no_code_observed|safe_not_checked,legacy_code_snapshot,,25512299,account-evidence-v1,2026-07-11T22:16:06.660478+00:00
1,0xbc63f5def4a4a28054247d8165ea73b0a175e9b0,contract,contract_code,11293,25512299,2026-07-11T22:16:06.660478+00:00,,,not_checked,,,,,,,,,,,,,,,,,partial,contract_code_observed|erc4337_not_checked|safe_not_checked,legacy_code_snapshot,,25512299,account-evidence-v1,2026-07-11T22:16:06.660478+00:00
1,0xbc726836b8073c9a91bc537278f8459ee6e8c21e,contract,contract_code,11293,25512299,2026-07-11T22:16:06.660478+00:00,,,not_checked,,,,,,,,,,,,,,,,,partial,contract_code_observed|erc4337_not_checked|safe_not_checked,legacy_code_snapshot,,25512299,account-evidence-v1,2026-07-11T22:16:06.660478+00:00
1,0xbc8ec6306f447a9768da5f91ccf79a0cfe76f0bb,eoa_candidate,no_code,0,25512299,2026-07-11T22:16:06.660478+00:00,,,not_checked,,,,,,,,,,,,,,,,,partial,erc4337_not_checked|no_code_observed|safe_not_checked,legacy_code_snapshot,,25512299,account-evidence-v1,2026-07-11T22:16:06.660478+00:00
1,0xbcf530e2a987ec755594ae82fa040a465f858c47,eoa_candidate,no_code,0,25512299,2026-07-11T22:16:06.660478+00:00,,,not_checked,,,,,,,,,,,,,,,,,partial,erc4337_not_checked|no_code_observed|safe_not_checked,legacy_code_snapshot,,25512299,account-evidence-v1,2026-07-11T22:16:06.660478+00:00
1,0xbd751d9fb950dcf0059b7438ec76cbca97d658c4,contract,contract_code,11293,25512299,2026-07-11T22:16:06.660478+00:00,,,not_checked,,,,,,,,,,,,,,,,,partial,contract_code_observed|erc4337_not_checked|safe_not_checked,legacy_code_snapshot,,25512299,account-evidence-v1,2026-07-11T22:16:06.660478+00:00
1,0xbdba56dac0c99fa9a020045d9ccc774ed2489558,eoa_candidate,no_code,0,25512299,2026-07-11T22:16:06.660478+00:00,,,not_checked,,,,,,,,,,,,,,,,,partial,erc4337_not_checked|no_code_observed|safe_not_checked,legacy_code_snapshot,,25512299,account-evidence-v1,2026-07-11T22:16:06.660478+00:00
1,0xbdc8542fe776f8712afc70b2bd147fdd0115ad54,contract,contract_code,23,25512299,2026-07-11T22:16:06.660478+00:00,,,not_checked,,,,,,,,,,,,,,,,,partial,contract_code_observed|erc4337_not_checked|safe_not_checked,legacy_code_snapshot,,25512299,account-evidence-v1,2026-07-11T22:16:06.660478+00:00
1,0xbdf5a9e1470a439f8e479e14ff98e471f59cd7e4,eoa_candidate,no_code,0,25512299,2026-07-11T22:16:06.660478+00:00,,,not_checked,,,,,,,,,,,,,,,,,partial,erc4337_not_checked|no_code_observed|safe_not_checked,legacy_code_snapshot,,25512299,account-evidence-v1,2026-07-11T22:16:06.660478+00:00
1,0xbe23cbb62064b8b1550ae5ada59c39d45b1e2081,eoa_candidate,no_code,0,25512299,2026-07-11T22:16:06.660478+00:00,,,not_checked,,,,,,,,,,,,,,,,,partial,erc4337_not_checked|no_code_observed|safe_not_checked,legacy_code_snapshot,,25512299,account-evidence-v1,2026-07-11T22:16:06.660478+00:00
1,0xbe496d6e541344d7bdb91055cdb5fc260c73d5a8,eoa_candidate,no_code,0,25512299,2026-07-11T22:16:06.660478+00:00,,,not_checked,,,,,,,,,,,,,,,,,partial,erc4337_not_checked|no_code_observed|safe_not_checked,legacy_code_snapshot,,25512299,account-evidence-v1,2026-07-11T22:16:06.660478+00:00
1,0xbf6d6ebe5a8f4fab1b3de8eff8ee86087cb27eed,eoa_candidate,no_code,0,25512299,2026-07-11T22:16:06.660478+00:00,,,not_checked,,,,,,,,,,,,,,,,,partial,erc4337_not_checked|no_code_observed|safe_not_checked,legacy_code_snapshot,,25512299,account-evidence-v1,2026-07-11T22:16:06.660478+00:00
1,0xbff7f2b02a2aca3931f7d49dec11f917fc3ba356,eoa_candidate,no_code,0,25512299,2026-07-11T22:16:06.660478+00:00,,,not_checked,,,,,,,,,,,,,,,,,partial,erc4337_not_checked|no_code_observed|safe_not_checked,legacy_code_snapshot,,25512299,account-evidence-v1,2026-07-11T22:16:06.660478+00:00
1,0xc04f0aef3b77bbe8770cfcdad6ec089e0fe57322,contract,contract_code,11293,25512299,2026-07-11T22:16:06.660478+00:00,,,not_checked,,,,,,,,,,,,,,,,,partial,contract_code_observed|erc4337_not_checked|safe_not_checked,legacy_code_snapshot,,25512299,account-evidence-v1,2026-07-11T22:16:06.660478+00:00
1,0xc0bc9c935c2b0ee25d8a666efbf774865299c1d7,eoa_candidate,no_code,0,25512299,2026-07-11T22:16:06.660478+00:00,,,not_checked,,,,,,,,,,,,,,,,,partial,erc4337_not_checked|no_code_observed|safe_not_checked,legacy_code_snapshot,,25512299,account-evidence-v1,2026-07-11T22:16:06.660478+00:00
1,0xc0e6669827ffc456e6755c49e45dd42e735af01e,eoa_candidate,no_code,0,25512299,2026-07-11T22:16:06.660478+00:00,,,not_checked,,,,,,,,,,,,,,,,,partial,erc4337_not_checked|no_code_observed|safe_not_checked,legacy_code_snapshot,,25512299,account-evidence-v1,2026-07-11T22:16:06.660478+00:00
1,0xc0f47e54584bd246e3576d4c428d4a4bd670155a,contract,contract_code,11293,25512299,2026-07-11T22:16:06.660478+00:00,,,not_checked,,,,,,,,,,,,,,,,,partial,contract_code_observed|erc4337_not_checked|safe_not_checked,legacy_code_snapshot,,25512299,account-evidence-v1,2026-07-11T22:16:06.660478+00:00
1,0xc1121bb4061d2da80b021471b8c7363df9933eb9,eoa_candidate,no_code,0,25512299,2026-07-11T22:16:06.660478+00:00,,,not_checked,,,,,,,,,,,,,,,,,partial,erc4337_not_checked|no_code_observed|safe_not_checked,legacy_code_snapshot,,25512299,account-evidence-v1,2026-07-11T22:16:06.660478+00:00
1,0xc1563bdf57bdb990c89070aa72cda57fe8d6913d,eoa_candidate,no_code,0,25512299,2026-07-11T22:16:06.660478+00:00,,,not_checked,,,,,,,,,,,,,,,,,partial,erc4337_not_checked|no_code_observed|safe_not_checked,legacy_code_snapshot,,25512299,account-evidence-v1,2026-07-11T22:16:06.660478+00:00
1,0xc17525e32640157c838f959c010e81bbb226b2a3,eoa_candidate,no_code,0,25512299,2026-07-11T22:16:06.660478+00:00,,,not_checked,,,,,,,,,,,,,,,,,partial,erc4337_not_checked|no_code_observed|safe_not_checked,legacy_code_snapshot,,25512299,account-evidence-v1,2026-07-11T22:16:06.660478+00:00
1,0xc26ca6abb3daffe47a8d743e55a352ad0b79beb8,contract,contract_code,11293,25512299,2026-07-11T22:16:06.660478+00:00,,,not_checked,,,,,,,,,,,,,,,,,partial,contract_code_observed|erc4337_not_checked|safe_not_checked,legacy_code_snapshot,,25512299,account-evidence-v1,2026-07-11T22:16:06.660478+00:00
1,0xc27ba52c493e291fa50a8e537142df2140520f0b,eoa_candidate,no_code,0,25512299,2026-07-11T22:16:06.660478+00:00,,,not_checked,,,,,,,,,,,,,,,,,partial,erc4337_not_checked|no_code_observed|safe_not_checked,legacy_code_snapshot,,25512299,account-evidence-v1,2026-07-11T22:16:06.660478+00:00
1,0xc2930507a9f84f1ff56d0ddb8577f0758bfdd02b,eoa_candidate,no_code,0,25512299,2026-07-11T22:16:06.660478+00:00,,,not_checked,,,,,,,,,,,,,,,,,partial,erc4337_not_checked|no_code_observed|safe_not_checked,legacy_code_snapshot,,25512299,account-evidence-v1,2026-07-11T22:16:06.660478+00:00
1,0xc2b438508a75a60c68012dd89c3bc9f74b3ca0f6,eoa_candidate,no_code,0,25512299,2026-07-11T22:16:06.660478+00:00,,,not_checked,,,,,,,,,,,,,,,,,partial,erc4337_not_checked|no_code_observed|safe_not_checked,legacy_code_snapshot,,25512299,account-evidence-v1,2026-07-11T22:16:06.660478+00:00
1,0xc300c934db9f67a2088fdcf23dff14685cc3545a,contract,contract_code,11293,25512299,2026-07-11T22:16:06.660478+00:00,,,not_checked,,,,,,,,,,,,,,,,,partial,contract_code_observed|erc4337_not_checked|safe_not_checked,legacy_code_snapshot,,25512299,account-evidence-v1,2026-07-11T22:16:06.660478+00:00
1,0xc31a32c49359e199006073335dc5ba56492545bb,eoa_candidate,no_code,0,25512299,2026-07-11T22:16:06.660478+00:00,,,not_checked,,,,,,,,,,,,,,,,,partial,erc4337_not_checked|no_code_observed|safe_not_checked,legacy_code_snapshot,,25512299,account-evidence-v1,2026-07-11T22:16:06.660478+00:00
1,0xc3559ca569b05eb2c6716b6574489d5fc1f349e0,eoa_candidate,no_code,0,25512299,2026-07-11T22:16:06.660478+00:00,,,not_checked,,,,,,,,,,,,,,,,,partial,erc4337_not_checked|no_code_observed|safe_not_checked,legacy_code_snapshot,,25512299,account-evidence-v1,2026-07-11T22:16:06.660478+00:00
1,0xc35dec0a0180ded238d90d969c00692c9cccdfcb,eoa_candidate,no_code,0,25512299,2026-07-11T22:16:06.660478+00:00,,,not_checked,,,,,,,,,,,,,,,,,partial,erc4337_not_checked|no_code_observed|safe_not_checked,legacy_code_snapshot,,25512299,account-evidence-v1,2026-07-11T22:16:06.660478+00:00
1,0xc3de6861d5ba3eb749810d3b728e27a70d19da8b,eoa_candidate,no_code,0,25512299,2026-07-11T22:16:06.660478+00:00,,,not_checked,,,,,,,,,,,,,,,,,partial,erc4337_not_checked|no_code_observed|safe_not_checked,legacy_code_snapshot,,25512299,account-evidence-v1,2026-07-11T22:16:06.660478+00:00
1,0xc415c239ca3dc7c24ba619d6cbc816630de07d0a,contract,contract_code,11293,25512299,2026-07-11T22:16:06.660478+00:00,,,not_checked,,,,,,,,,,,,,,,,,partial,contract_code_observed|erc4337_not_checked|safe_not_checked,legacy_code_snapshot,,25512299,account-evidence-v1,2026-07-11T22:16:06.660478+00:00
1,0xc439e1bcdf33a02bcb9b0ce9eac5e3ffddcf3167,eoa_candidate,no_code,0,25512299,2026-07-11T22:16:06.660478+00:00,,,not_checked,,,,,,,,,,,,,,,,,partial,erc4337_not_checked|no_code_observed|safe_not_checked,legacy_code_snapshot,,25512299,account-evidence-v1,2026-07-11T22:16:06.660478+00:00
1,0xc455350cedb93857d180148c3cb14b30d941651e,contract,contract_code,11293,25512299,2026-07-11T22:16:06.660478+00:00,,,not_checked,,,,,,,,,,,,,,,,,partial,contract_code_observed|erc4337_not_checked|safe_not_checked,legacy_code_snapshot,,25512299,account-evidence-v1,2026-07-11T22:16:06.660478+00:00
1,0xc473c9f362ecd1e9d67f08556e3ba54da79af86d,eoa_candidate,no_code,0,25512299,2026-07-11T22:16:06.660478+00:00,,,not_checked,,,,,,,,,,,,,,,,,partial,erc4337_not_checked|no_code_observed|safe_not_checked,legacy_code_snapshot,,25512299,account-evidence-v1,2026-07-11T22:16:06.660478+00:00
1,0xc48dd90d2a7cdd14ef84089d9e86e4edfc4a525b,eoa_candidate,no_code,0,25512299,2026-07-11T22:16:06.660478+00:00,,,not_checked,,,,,,,,,,,,,,,,,partial,erc4337_not_checked|no_code_observed|safe_not_checked,legacy_code_snapshot,,25512299,account-evidence-v1,2026-07-11T22:16:06.660478+00:00
1,0xc49d4b479ef7235e62359d1a6fe48c3f65954568,contract,contract_code,11293,25512299,2026-07-11T22:16:06.660478+00:00,,,not_checked,,,,,,,,,,,,,,,,,partial,contract_code_observed|erc4337_not_checked|safe_not_checked,legacy_code_snapshot,,25512299,account-evidence-v1,2026-07-11T22:16:06.660478+00:00
1,0xc4ae5ed49f6b11cf68f669498f51ebcf426496f5,eoa_candidate,no_code,0,25512299,2026-07-11T22:16:06.660478+00:00,,,not_checked,,,,,,,,,,,,,,,,,partial,erc4337_not_checked|no_code_observed|safe_not_checked,legacy_code_snapshot,,25512299,account-evidence-v1,2026-07-11T22:16:06.660478+00:00
1,0xc528541a1f8907f6abaf3b1b77c4415a50aa7ddd,contract,contract_code,11293,25512299,2026-07-11T22:16:06.660478+00:00,,,not_checked,,,,,,,,,,,,,,,,,partial,contract_code_observed|erc4337_not_checked|safe_not_checked,legacy_code_snapshot,,25512299,account-evidence-v1,2026-07-11T22:16:06.660478+00:00
1,0xc552c0ae70cd558744c494f54785af1790e90de4,eoa_candidate,no_code,0,25512299,2026-07-11T22:16:06.660478+00:00,,,not_checked,,,,,,,,,,,,,,,,,partial,erc4337_not_checked|no_code_observed|safe_not_checked,legacy_code_snapshot,,25512299,account-evidence-v1,2026-07-11T22:16:06.660478+00:00
1,0xc563befc12c80b30066d17c71639bac564547da1,contract,contract_code,11293,25512299,2026-07-11T22:16:06.660478+00:00,,,not_checked,,,,,,,,,,,,,,,,,partial,contract_code_observed|erc4337_not_checked|safe_not_checked,legacy_code_snapshot,,25512299,account-evidence-v1,2026-07-11T22:16:06.660478+00:00
1,0xc566449675c2c2886c45261f68da919de078f6bc,eoa_candidate,no_code,0,25512299,2026-07-11T22:16:06.660478+00:00,,,not_checked,,,,,,,,,,,,,,,,,partial,erc4337_not_checked|no_code_observed|safe_not_checked,legacy_code_snapshot,,25512299,account-evidence-v1,2026-07-11T22:16:06.660478+00:00
1,0xc598bfb2c211973226b59981ecb27a71b332cf7b,eoa_candidate,no_code,0,25512299,2026-07-11T22:16:06.660478+00:00,,,not_checked,,,,,,,,,,,,,,,,,partial,erc4337_not_checked|no_code_observed|safe_not_checked,legacy_code_snapshot,,25512299,account-evidence-v1,2026-07-11T22:16:06.660478+00:00
1,0xc5b8fae9d79f111e7f069f283d031a4dcd7443ce,contract,contract_code,11293,25512299,2026-07-11T22:16:06.660478+00:00,,,not_checked,,,,,,,,,,,,,,,,,partial,contract_code_observed|erc4337_not_checked|safe_not_checked,legacy_code_snapshot,,25512299,account-evidence-v1,2026-07-11T22:16:06.660478+00:00
1,0xc62184ac04a0610147bd890ba32d1918b67e017c,eoa_candidate,no_code,0,25512299,2026-07-11T22:16:06.660478+00:00,,,not_checked,,,,,,,,,,,,,,,,,partial,erc4337_not_checked|no_code_observed|safe_not_checked,legacy_code_snapshot,,25512299,account-evidence-v1,2026-07-11T22:16:06.660478+00:00
1,0xc632f311084bba99c96b986b4deb4848559ad853,eoa_candidate,no_code,0,25512299,2026-07-11T22:16:06.660478+00:00,,,not_checked,,,,,,,,,,,,,,,,,partial,erc4337_not_checked|no_code_observed|safe_not_checked,legacy_code_snapshot,,25512299,account-evidence-v1,2026-07-11T22:16:06.660478+00:00
1,0xc6388ebd9f91711801df33186a49b5cb75fd5c29,contract,contract_code,11293,25512299,2026-07-11T22:16:06.660478+00:00,,,not_checked,,,,,,,,,,,,,,,,,partial,contract_code_observed|erc4337_not_checked|safe_not_checked,legacy_code_snapshot,,25512299,account-evidence-v1,2026-07-11T22:16:06.660478+00:00
1,0xc697be0b5b82284391a878b226e2f9afc6b94710,contract,contract_code,23,25512299,2026-07-11T22:16:06.660478+00:00,,,not_checked,,,,,,,,,,,,,,,,,partial,contract_code_observed|erc4337_not_checked|safe_not_checked,legacy_code_snapshot,,25512299,account-evidence-v1,2026-07-11T22:16:06.660478+00:00
1,0xc6b56e262120e32bd6d95ff27717ca2c91c8fc88,contract,contract_code,23,25512299,2026-07-11T22:16:06.660478+00:00,,,not_checked,,,,,,,,,,,,,,,,,partial,contract_code_observed|erc4337_not_checked|safe_not_checked,legacy_code_snapshot,,25512299,account-evidence-v1,2026-07-11T22:16:06.660478+00:00
1,0xc6e6f55b5f24ffa08baf3fc17152de992778c01d,contract,contract_code,11293,25512299,2026-07-11T22:16:06.660478+00:00,,,not_checked,,,,,,,,,,,,,,,,,partial,contract_code_observed|erc4337_not_checked|safe_not_checked,legacy_code_snapshot,,25512299,account-evidence-v1,2026-07-11T22:16:06.660478+00:00
1,0xc6f8647e26d54663f7b66b17d454f203503377ad,eoa_candidate,no_code,0,25512299,2026-07-11T22:16:06.660478+00:00,,,not_checked,,,,,,,,,,,,,,,,,partial,erc4337_not_checked|no_code_observed|safe_not_checked,legacy_code_snapshot,,25512299,account-evidence-v1,2026-07-11T22:16:06.660478+00:00
1,0xc71da7095111d8d1f7ccb7e58624d66a447d1fd2,eoa_candidate,no_code,0,25512299,2026-07-11T22:16:06.660478+00:00,,,not_checked,,,,,,,,,,,,,,,,,partial,erc4337_not_checked|no_code_observed|safe_not_checked,legacy_code_snapshot,,25512299,account-evidence-v1,2026-07-11T22:16:06.660478+00:00
1,0xc74124e27ee4a0c18d29839ccc408ddbd5b341f9,eoa_candidate,no_code,0,25512299,2026-07-11T22:16:06.660478+00:00,,,not_checked,,,,,,,,,,,,,,,,,partial,erc4337_not_checked|no_code_observed|safe_not_checked,legacy_code_snapshot,,25512299,account-evidence-v1,2026-07-11T22:16:06.660478+00:00
1,0xc758aa70f8da0d1a0a6506e20274e46a726c06e9,contract,contract_code,11293,25512299,2026-07-11T22:16:06.660478+00:00,,,not_checked,,,,,,,,,,,,,,,,,partial,contract_code_observed|erc4337_not_checked|safe_not_checked,legacy_code_snapshot,,25512299,account-evidence-v1,2026-07-11T22:16:06.660478+00:00
1,0xc76e350ccc2837610e0375b765d0e11cc04f6b15,eoa_candidate,no_code,0,25512299,2026-07-11T22:16:06.660478+00:00,,,not_checked,,,,,,,,,,,,,,,,,partial,erc4337_not_checked|no_code_observed|safe_not_checked,legacy_code_snapshot,,25512299,account-evidence-v1,2026-07-11T22:16:06.660478+00:00
1,0xc80e5f7b6d94561c32c59e68ee67cdd2f613851c,contract,contract_code,19277,25512299,2026-07-11T22:16:06.660478+00:00,,,not_checked,,,,,,,,,,,,,,,,,partial,contract_code_observed|erc4337_not_checked|safe_not_checked,legacy_code_snapshot,,25512299,account-evidence-v1,2026-07-11T22:16:06.660478+00:00
1,0xc81afe14c58ce9faad9f8aafa00d959bbe7169cf,eoa_candidate,no_code,0,25512299,2026-07-11T22:16:06.660478+00:00,,,not_checked,,,,,,,,,,,,,,,,,partial,erc4337_not_checked|no_code_observed|safe_not_checked,legacy_code_snapshot,,25512299,account-evidence-v1,2026-07-11T22:16:06.660478+00:00
1,0xc823d9889b1c5dd58dc41cd051d481e85007342c,eoa_candidate,no_code,0,25512299,2026-07-11T22:16:06.660478+00:00,,,not_checked,,,,,,,,,,,,,,,,,partial,erc4337_not_checked|no_code_observed|safe_not_checked,legacy_code_snapshot,,25512299,account-evidence-v1,2026-07-11T22:16:06.660478+00:00
1,0xc824b257b7526e7355ae2b958eb43024bafd010c,contract,contract_code,11293,25512299,2026-07-11T22:16:06.660478+00:00,,,not_checked,,,,,,,,,,,,,,,,,partial,contract_code_observed|erc4337_not_checked|safe_not_checked,legacy_code_snapshot,,25512299,account-evidence-v1,2026-07-11T22:16:06.660478+00:00
1,0xc853215b9b9f2d2cd0741e585e987b5fb80c212e,eoa_candidate,no_code,0,25512299,2026-07-11T22:16:06.660478+00:00,,,not_checked,,,,,,,,,,,,,,,,,partial,erc4337_not_checked|no_code_observed|safe_not_checked,legacy_code_snapshot,,25512299,account-evidence-v1,2026-07-11T22:16:06.660478+00:00
1,0xc86f4ef80d0d1cb88b09909a57afb7eff0c54a7d,contract,contract_code,11293,25512299,2026-07-11T22:16:06.660478+00:00,,,not_checked,,,,,,,,,,,,,,,,,partial,contract_code_observed|erc4337_not_checked|safe_not_checked,legacy_code_snapshot,,25512299,account-evidence-v1,2026-07-11T22:16:06.660478+00:00
1,0xc872748be06b85329d32f51dd98c6481d1112528,eoa_candidate,no_code,0,25512299,2026-07-11T22:16:06.660478+00:00,,,not_checked,,,,,,,,,,,,,,,,,partial,erc4337_not_checked|no_code_observed|safe_not_checked,legacy_code_snapshot,,25512299,account-evidence-v1,2026-07-11T22:16:06.660478+00:00
1,0xc933ee4a90dc542b820ca674160922fb440b2ec4,eoa_candidate,no_code,0,25512299,2026-07-11T22:16:06.660478+00:00,,,not_checked,,,,,,,,,,,,,,,,,partial,erc4337_not_checked|no_code_observed|safe_not_checked,legacy_code_snapshot,,25512299,account-evidence-v1,2026-07-11T22:16:06.660478+00:00
1,0xc97dfc795b046653df9d06f022e7676190b5f406,contract,contract_code,11293,25512299,2026-07-11T22:16:06.660478+00:00,,,not_checked,,,,,,,,,,,,,,,,,partial,contract_code_observed|erc4337_not_checked|safe_not_checked,legacy_code_snapshot,,25512299,account-evidence-v1,2026-07-11T22:16:06.660478+00:00
1,0xc9995a5b151bddb831c2bbaf8fa80d5619416ea2,eoa_candidate,no_code,0,25512299,2026-07-11T22:16:06.660478+00:00,,,not_checked,,,,,,,,,,,,,,,,,partial,erc4337_not_checked|no_code_observed|safe_not_checked,legacy_code_snapshot,,25512299,account-evidence-v1,2026-07-11T22:16:06.660478+00:00
1,0xc9c3e593e44abe19d467d1769309ec287e5c052f,contract,contract_code,23,25512299,2026-07-11T22:16:06.660478+00:00,,,not_checked,,,,,,,,,,,,,,,,,partial,contract_code_observed|erc4337_not_checked|safe_not_checked,legacy_code_snapshot,,25512299,account-evidence-v1,2026-07-11T22:16:06.660478+00:00
1,0xc9f3e2cf72bde7388c6be2c2ed25c4161197c51b,contract,contract_code,11293,25512299,2026-07-11T22:16:06.660478+00:00,,,not_checked,,,,,,,,,,,,,,,,,partial,contract_code_observed|erc4337_not_checked|safe_not_checked,legacy_code_snapshot,,25512299,account-evidence-v1,2026-07-11T22:16:06.660478+00:00
1,0xca17d8ddaf0e12f5aababccd8bcf5337f11bda18,eoa_candidate,no_code,0,25512299,2026-07-11T22:16:06.660478+00:00,,,not_checked,,,,,,,,,,,,,,,,,partial,erc4337_not_checked|no_code_observed|safe_not_checked,legacy_code_snapshot,,25512299,account-evidence-v1,2026-07-11T22:16:06.660478+00:00
1,0xca1f19382f83309830d10b1cb8753168f55aa949,contract,contract_code,11293,25512299,2026-07-11T22:16:06.660478+00:00,,,not_checked,,,,,,,,,,,,,,,,,partial,contract_code_observed|erc4337_not_checked|safe_not_checked,legacy_code_snapshot,,25512299,account-evidence-v1,2026-07-11T22:16:06.660478+00:00
1,0xca1f85ca6e502287c489d373938eb55c9b832c0f,eoa_candidate,no_code,0,25512299,2026-07-11T22:16:06.660478+00:00,,,not_checked,,,,,,,,,,,,,,,,,partial,erc4337_not_checked|no_code_observed|safe_not_checked,legacy_code_snapshot,,25512299,account-evidence-v1,2026-07-11T22:16:06.660478+00:00
1,0xca2c7a428039fe56fb86c29b0153c6c0104cfd37,contract,contract_code,11293,25512299,2026-07-11T22:16:06.660478+00:00,,,not_checked,,,,,,,,,,,,,,,,,partial,contract_code_observed|erc4337_not_checked|safe_not_checked,legacy_code_snapshot,,25512299,account-evidence-v1,2026-07-11T22:16:06.660478+00:00
1,0xca39cfe67e1fa8769aa4d13384124540172abc73,eoa_candidate,no_code,0,25512299,2026-07-11T22:16:06.660478+00:00,,,not_checked,,,,,,,,,,,,,,,,,partial,erc4337_not_checked|no_code_observed|safe_not_checked,legacy_code_snapshot,,25512299,account-evidence-v1,2026-07-11T22:16:06.660478+00:00
1,0xca74326789422bf091249da1a3ab7ed64c9c43d5,eoa_candidate,no_code,0,25512299,2026-07-11T22:16:06.660478+00:00,,,not_checked,,,,,,,,,,,,,,,,,partial,erc4337_not_checked|no_code_observed|safe_not_checked,legacy_code_snapshot,,25512299,account-evidence-v1,2026-07-11T22:16:06.660478+00:00
1,0xca783597bcd4baae8f26196222fac35ef19ea751,contract,contract_code,11293,25512299,2026-07-11T22:16:06.660478+00:00,,,not_checked,,,,,,,,,,,,,,,,,partial,contract_code_observed|erc4337_not_checked|safe_not_checked,legacy_code_snapshot,,25512299,account-evidence-v1,2026-07-11T22:16:06.660478+00:00
1,0xca9c3ee2f8bc0b42620c1f321096feadafa12034,eoa_candidate,no_code,0,25512299,2026-07-11T22:16:06.660478+00:00,,,not_checked,,,,,,,,,,,,,,,,,partial,erc4337_not_checked|no_code_observed|safe_not_checked,legacy_code_snapshot,,25512299,account-evidence-v1,2026-07-11T22:16:06.660478+00:00
1,0xcb212a704c9607298150a3bc30ff3ff81b92c30c,contract,contract_code,11293,25512299,2026-07-11T22:16:06.660478+00:00,,,not_checked,,,,,,,,,,,,,,,,,partial,contract_code_observed|erc4337_not_checked|safe_not_checked,legacy_code_snapshot,,25512299,account-evidence-v1,2026-07-11T22:16:06.660478+00:00
1,0xcb64bcd43b7541c54b366c5a4308d1e277f20b10,eoa_candidate,no_code,0,25512299,2026-07-11T22:16:06.660478+00:00,,,not_checked,,,,,,,,,,,,,,,,,partial,erc4337_not_checked|no_code_observed|safe_not_checked,legacy_code_snapshot,,25512299,account-evidence-v1,2026-07-11T22:16:06.660478+00:00
1,0xcba1d08dec5eeca6573fd692037f483c97939716,eoa_candidate,no_code,0,25512299,2026-07-11T22:16:06.660478+00:00,,,not_checked,,,,,,,,,,,,,,,,,partial,erc4337_not_checked|no_code_observed|safe_not_checked,legacy_code_snapshot,,25512299,account-evidence-v1,2026-07-11T22:16:06.660478+00:00
1,0xcbe7b755a6a5943cf64a8b02bbc4f7663067acb9,contract,contract_code,23,25512299,2026-07-11T22:16:06.660478+00:00,,,not_checked,,,,,,,,,,,,,,,,,partial,contract_code_observed|erc4337_not_checked|safe_not_checked,legacy_code_snapshot,,25512299,account-evidence-v1,2026-07-11T22:16:06.660478+00:00
1,0xcc33db5fec8cb1393add7318ca99cb916547e1b5,contract,contract_code,22218,25512299,2026-07-11T22:16:06.660478+00:00,,,not_checked,,,,,,,,,,,,,,,,,partial,contract_code_observed|erc4337_not_checked|safe_not_checked,legacy_code_snapshot,,25512299,account-evidence-v1,2026-07-11T22:16:06.660478+00:00
1,0xcc63f63db8f4b6a680daf4619ebef8d54a814307,contract,contract_code,11293,25512299,2026-07-11T22:16:06.660478+00:00,,,not_checked,,,,,,,,,,,,,,,,,partial,contract_code_observed|erc4337_not_checked|safe_not_checked,legacy_code_snapshot,,25512299,account-evidence-v1,2026-07-11T22:16:06.660478+00:00
1,0xccb64736fdf8b9d29ecdf18289080aeacccf25cf,eoa_candidate,no_code,0,25512299,2026-07-11T22:16:06.660478+00:00,,,not_checked,,,,,,,,,,,,,,,,,partial,erc4337_not_checked|no_code_observed|safe_not_checked,legacy_code_snapshot,,25512299,account-evidence-v1,2026-07-11T22:16:06.660478+00:00
1,0xcccc1ceb72e058b27a14d92cdd154a93a16af7ef,eoa_candidate,no_code,0,25512299,2026-07-11T22:16:06.660478+00:00,,,not_checked,,,,,,,,,,,,,,,,,partial,erc4337_not_checked|no_code_observed|safe_not_checked,legacy_code_snapshot,,25512299,account-evidence-v1,2026-07-11T22:16:06.660478+00:00
1,0xccd8f438e20773114cf382bcafa69783f3f249d3,contract,contract_code,11293,25512299,2026-07-11T22:16:06.660478+00:00,,,not_checked,,,,,,,,,,,,,,,,,partial,contract_code_observed|erc4337_not_checked|safe_not_checked,legacy_code_snapshot,,25512299,account-evidence-v1,2026-07-11T22:16:06.660478+00:00
1,0xccdb1d3e1dbd6b0c735668744cbc047b195487d0,eoa_candidate,no_code,0,25512299,2026-07-11T22:16:06.660478+00:00,,,not_checked,,,,,,,,,,,,,,,,,partial,erc4337_not_checked|no_code_observed|safe_not_checked,legacy_code_snapshot,,25512299,account-evidence-v1,2026-07-11T22:16:06.660478+00:00
1,0xccdf11651617d400573b5f59bc92f57de4f5e27b,eoa_candidate,no_code,0,25512299,2026-07-11T22:16:06.660478+00:00,,,not_checked,,,,,,,,,,,,,,,,,partial,erc4337_not_checked|no_code_observed|safe_not_checked,legacy_code_snapshot,,25512299,account-evidence-v1,2026-07-11T22:16:06.660478+00:00
1,0xcd272d41dac2a353ea66fcf07a57bfeb4f0e12d9,eoa_candidate,no_code,0,25512299,2026-07-11T22:16:06.660478+00:00,,,not_checked,,,,,,,,,,,,,,,,,partial,erc4337_not_checked|no_code_observed|safe_not_checked,legacy_code_snapshot,,25512299,account-evidence-v1,2026-07-11T22:16:06.660478+00:00
1,0xcdc2837afd4dde6f0be5fad757f8335d06e4b36c,eoa_candidate,no_code,0,25512299,2026-07-11T22:16:06.660478+00:00,,,not_checked,,,,,,,,,,,,,,,,,partial,erc4337_not_checked|no_code_observed|safe_not_checked,legacy_code_snapshot,,25512299,account-evidence-v1,2026-07-11T22:16:06.660478+00:00
1,0xce589dc88631ca0f6a2954441c8f4a5489da3993,eoa_candidate,no_code,0,25512299,2026-07-11T22:16:06.660478+00:00,,,not_checked,,,,,,,,,,,,,,,,,partial,erc4337_not_checked|no_code_observed|safe_not_checked,legacy_code_snapshot,,25512299,account-evidence-v1,2026-07-11T22:16:06.660478+00:00
1,0xce77eaf7c6ceb13141e91da918b3ecea368a5c7d,eoa_candidate,no_code,0,25512299,2026-07-11T22:16:06.660478+00:00,,,not_checked,,,,,,,,,,,,,,,,,partial,erc4337_not_checked|no_code_observed|safe_not_checked,legacy_code_snapshot,,25512299,account-evidence-v1,2026-07-11T22:16:06.660478+00:00
1,0xcebc92dea15bfb5ae217397ae5bd31394eb7ca90,eoa_candidate,no_code,0,25512299,2026-07-11T22:16:06.660478+00:00,,,not_checked,,,,,,,,,,,,,,,,,partial,erc4337_not_checked|no_code_observed|safe_not_checked,legacy_code_snapshot,,25512299,account-evidence-v1,2026-07-11T22:16:06.660478+00:00
1,0xced9b36e8c38b0b536e0efc4dac069a43f15cd48,eoa_candidate,no_code,0,25512299,2026-07-11T22:16:06.660478+00:00,,,not_checked,,,,,,,,,,,,,,,,,partial,erc4337_not_checked|no_code_observed|safe_not_checked,legacy_code_snapshot,,25512299,account-evidence-v1,2026-07-11T22:16:06.660478+00:00
1,0xd021040ce2da2eb78d41689fb89d7346b119cac0,eoa_candidate,no_code,0,25512299,2026-07-11T22:16:06.660478+00:00,,,not_checked,,,,,,,,,,,,,,,,,partial,erc4337_not_checked|no_code_observed|safe_not_checked,legacy_code_snapshot,,25512299,account-evidence-v1,2026-07-11T22:16:06.660478+00:00
1,0xd04652b8c22c0b2ccefeb0ed9d3486cda07d721b,contract,contract_code,11293,25512299,2026-07-11T22:16:06.660478+00:00,,,not_checked,,,,,,,,,,,,,,,,,partial,contract_code_observed|erc4337_not_checked|safe_not_checked,legacy_code_snapshot,,25512299,account-evidence-v1,2026-07-11T22:16:06.660478+00:00
1,0xd0c1002935113d723be6c1dc110b5c06558db520,eoa_candidate,no_code,0,25512299,2026-07-11T22:16:06.660478+00:00,,,not_checked,,,,,,,,,,,,,,,,,partial,erc4337_not_checked|no_code_observed|safe_not_checked,legacy_code_snapshot,,25512299,account-evidence-v1,2026-07-11T22:16:06.660478+00:00
1,0xd0d68fb66f10067482b3bbe2cda35cf083ebadb3,eoa_candidate,no_code,0,25512299,2026-07-11T22:16:06.660478+00:00,,,not_checked,,,,,,,,,,,,,,,,,partial,erc4337_not_checked|no_code_observed|safe_not_checked,legacy_code_snapshot,,25512299,account-evidence-v1,2026-07-11T22:16:06.660478+00:00
1,0xd0defbb22b3de9e0ea314e2621486779c7c936f5,contract,contract_code,11293,25512299,2026-07-11T22:16:06.660478+00:00,,,not_checked,,,,,,,,,,,,,,,,,partial,contract_code_observed|erc4337_not_checked|safe_not_checked,legacy_code_snapshot,,25512299,account-evidence-v1,2026-07-11T22:16:06.660478+00:00
1,0xd0fc31a2c22a7702c6018fbdd92ada9b47de80b8,contract,contract_code,11293,25512299,2026-07-11T22:16:06.660478+00:00,,,not_checked,,,,,,,,,,,,,,,,,partial,contract_code_observed|erc4337_not_checked|safe_not_checked,legacy_code_snapshot,,25512299,account-evidence-v1,2026-07-11T22:16:06.660478+00:00
1,0xd12f7211071a20ce76bf9fb8e069036b6fb63c6a,eoa_candidate,no_code,0,25512299,2026-07-11T22:16:06.660478+00:00,,,not_checked,,,,,,,,,,,,,,,,,partial,erc4337_not_checked|no_code_observed|safe_not_checked,legacy_code_snapshot,,25512299,account-evidence-v1,2026-07-11T22:16:06.660478+00:00
1,0xd152f549545093347a162dce210e7293f1452150,contract,contract_code,1780,25512299,2026-07-11T22:16:06.660478+00:00,,,not_checked,,,,,,,,,,,,,,,,,partial,contract_code_observed|erc4337_not_checked|safe_not_checked,legacy_code_snapshot,,25512299,account-evidence-v1,2026-07-11T22:16:06.660478+00:00
1,0xd168f42db50309dc0552c7589dafb6afae75b9e7,eoa_candidate,no_code,0,25512299,2026-07-11T22:16:06.660478+00:00,,,not_checked,,,,,,,,,,,,,,,,,partial,erc4337_not_checked|no_code_observed|safe_not_checked,legacy_code_snapshot,,25512299,account-evidence-v1,2026-07-11T22:16:06.660478+00:00
1,0xd16a4e051f6bed58eb87345dea8729a88e6bc758,eoa_candidate,no_code,0,25512299,2026-07-11T22:16:06.660478+00:00,,,not_checked,,,,,,,,,,,,,,,,,partial,erc4337_not_checked|no_code_observed|safe_not_checked,legacy_code_snapshot,,25512299,account-evidence-v1,2026-07-11T22:16:06.660478+00:00
1,0xd171d772cb75521c0b1708b517e73eed924afe2e,eoa_candidate,no_code,0,25512299,2026-07-11T22:16:06.660478+00:00,,,not_checked,,,,,,,,,,,,,,,,,partial,erc4337_not_checked|no_code_observed|safe_not_checked,legacy_code_snapshot,,25512299,account-evidence-v1,2026-07-11T22:16:06.660478+00:00
1,0xd1b7982fbca75778d544f64a516e26e62de1829e,eoa_candidate,no_code,0,25512299,2026-07-11T22:16:06.660478+00:00,,,not_checked,,,,,,,,,,,,,,,,,partial,erc4337_not_checked|no_code_observed|safe_not_checked,legacy_code_snapshot,,25512299,account-evidence-v1,2026-07-11T22:16:06.660478+00:00
1,0xd1b8f34441b3643d918307dd3fd178c384f57665,eoa_candidate,no_code,0,25512299,2026-07-11T22:16:06.660478+00:00,,,not_checked,,,,,,,,,,,,,,,,,partial,erc4337_not_checked|no_code_observed|safe_not_checked,legacy_code_snapshot,,25512299,account-evidence-v1,2026-07-11T22:16:06.660478+00:00
1,0xd2491afbb9e1f481636229adbd9005c93a3b7839,contract,contract_code,11293,25512299,2026-07-11T22:16:06.660478+00:00,,,not_checked,,,,,,,,,,,,,,,,,partial,contract_code_observed|erc4337_not_checked|safe_not_checked,legacy_code_snapshot,,25512299,account-evidence-v1,2026-07-11T22:16:06.660478+00:00
1,0xd2535339f45f33a5640a1d097e68d22f6216f974,eoa_candidate,no_code,0,25512299,2026-07-11T22:16:06.660478+00:00,,,not_checked,,,,,,,,,,,,,,,,,partial,erc4337_not_checked|no_code_observed|safe_not_checked,legacy_code_snapshot,,25512299,account-evidence-v1,2026-07-11T22:16:06.660478+00:00
1,0xd25fff0a2d9153e666598db5446298a3668d2ba0,eoa_candidate,no_code,0,25512299,2026-07-11T22:16:06.660478+00:00,,,not_checked,,,,,,,,,,,,,,,,,partial,erc4337_not_checked|no_code_observed|safe_not_checked,legacy_code_snapshot,,25512299,account-evidence-v1,2026-07-11T22:16:06.660478+00:00
1,0xd28cd87918545d173f15886a77008032d5ce6aaa,eoa_candidate,no_code,0,25512299,2026-07-11T22:16:06.660478+00:00,,,not_checked,,,,,,,,,,,,,,,,,partial,erc4337_not_checked|no_code_observed|safe_not_checked,legacy_code_snapshot,,25512299,account-evidence-v1,2026-07-11T22:16:06.660478+00:00
1,0xd2cd08a31e537e2a5d3b76c8348f3008672dd4a0,eoa_candidate,no_code,0,25512299,2026-07-11T22:16:06.660478+00:00,,,not_checked,,,,,,,,,,,,,,,,,partial,erc4337_not_checked|no_code_observed|safe_not_checked,legacy_code_snapshot,,25512299,account-evidence-v1,2026-07-11T22:16:06.660478+00:00
1,0xd30691f894729614493bb15d0680809be041e14b,contract,contract_code,11293,25512299,2026-07-11T22:16:06.660478+00:00,,,not_checked,,,,,,,,,,,,,,,,,partial,contract_code_observed|erc4337_not_checked|safe_not_checked,legacy_code_snapshot,,25512299,account-evidence-v1,2026-07-11T22:16:06.660478+00:00
1,0xd3343c032e0009c96e505444bb2e69204b3bd51a,eoa_candidate,no_code,0,25512299,2026-07-11T22:16:06.660478+00:00,,,not_checked,,,,,,,,,,,,,,,,,partial,erc4337_not_checked|no_code_observed|safe_not_checked,legacy_code_snapshot,,25512299,account-evidence-v1,2026-07-11T22:16:06.660478+00:00
1,0xd3a1e4b9104f1ff355a4df77fad774d3b79d8824,eoa_candidate,no_code,0,25512299,2026-07-11T22:16:06.660478+00:00,,,not_checked,,,,,,,,,,,,,,,,,partial,erc4337_not_checked|no_code_observed|safe_not_checked,legacy_code_snapshot,,25512299,account-evidence-v1,2026-07-11T22:16:06.660478+00:00
1,0xd420b5b2f0daac8bcef6c94e39e04bbb9f9c23a0,contract,contract_code,11293,25512299,2026-07-11T22:16:06.660478+00:00,,,not_checked,,,,,,,,,,,,,,,,,partial,contract_code_observed|erc4337_not_checked|safe_not_checked,legacy_code_snapshot,,25512299,account-evidence-v1,2026-07-11T22:16:06.660478+00:00
1,0xd45dc3ebb8181de941205b4b00f77ce2c00b7ef5,contract,contract_code,11293,25512299,2026-07-11T22:16:06.660478+00:00,,,not_checked,,,,,,,,,,,,,,,,,partial,contract_code_observed|erc4337_not_checked|safe_not_checked,legacy_code_snapshot,,25512299,account-evidence-v1,2026-07-11T22:16:06.660478+00:00
1,0xd49c8f0dd249feb53ba30e9ebcf1ed4fc8da5f49,eoa_candidate,no_code,0,25512299,2026-07-11T22:16:06.660478+00:00,,,not_checked,,,,,,,,,,,,,,,,,partial,erc4337_not_checked|no_code_observed|safe_not_checked,legacy_code_snapshot,,25512299,account-evidence-v1,2026-07-11T22:16:06.660478+00:00
1,0xd4d35a1da1fc64cd6373ecf0ec78f3b0f0930f20,contract,contract_code,11293,25512299,2026-07-11T22:16:06.660478+00:00,,,not_checked,,,,,,,,,,,,,,,,,partial,contract_code_observed|erc4337_not_checked|safe_not_checked,legacy_code_snapshot,,25512299,account-evidence-v1,2026-07-11T22:16:06.660478+00:00
1,0xd4f6b3ca8e118c62a09041995d7d3c764c0c98df,eoa_candidate,no_code,0,25512299,2026-07-11T22:16:06.660478+00:00,,,not_checked,,,,,,,,,,,,,,,,,partial,erc4337_not_checked|no_code_observed|safe_not_checked,legacy_code_snapshot,,25512299,account-evidence-v1,2026-07-11T22:16:06.660478+00:00
1,0xd51e4bb31b088f363ea6a15099fb7cdf3bbd6d6c,eoa_candidate,no_code,0,25512299,2026-07-11T22:16:06.660478+00:00,,,not_checked,,,,,,,,,,,,,,,,,partial,erc4337_not_checked|no_code_observed|safe_not_checked,legacy_code_snapshot,,25512299,account-evidence-v1,2026-07-11T22:16:06.660478+00:00
1,0xd554692b401060567ee63ac05ed25653fb70b148,eoa_candidate,no_code,0,25512299,2026-07-11T22:16:06.660478+00:00,,,not_checked,,,,,,,,,,,,,,,,,partial,erc4337_not_checked|no_code_observed|safe_not_checked,legacy_code_snapshot,,25512299,account-evidence-v1,2026-07-11T22:16:06.660478+00:00
1,0xd571970fe6db2156cddcbd0f8e8f5136d0a8d311,eoa_candidate,no_code,0,25512299,2026-07-11T22:16:06.660478+00:00,,,not_checked,,,,,,,,,,,,,,,,,partial,erc4337_not_checked|no_code_observed|safe_not_checked,legacy_code_snapshot,,25512299,account-evidence-v1,2026-07-11T22:16:06.660478+00:00
1,0xd5c3da295ba27516494e8e4d3c8373a0409daf32,eoa_candidate,no_code,0,25512299,2026-07-11T22:16:06.660478+00:00,,,not_checked,,,,,,,,,,,,,,,,,partial,erc4337_not_checked|no_code_observed|safe_not_checked,legacy_code_snapshot,,25512299,account-evidence-v1,2026-07-11T22:16:06.660478+00:00
1,0xd62d284e404ade4f76dd7095a135639fe953d331,eoa_candidate,no_code,0,25512299,2026-07-11T22:16:06.660478+00:00,,,not_checked,,,,,,,,,,,,,,,,,partial,erc4337_not_checked|no_code_observed|safe_not_checked,legacy_code_snapshot,,25512299,account-evidence-v1,2026-07-11T22:16:06.660478+00:00
1,0xd63dc92680b676007991a4b97226ae8f6db8c418,eoa_candidate,no_code,0,25512299,2026-07-11T22:16:06.660478+00:00,,,not_checked,,,,,,,,,,,,,,,,,partial,erc4337_not_checked|no_code_observed|safe_not_checked,legacy_code_snapshot,,25512299,account-evidence-v1,2026-07-11T22:16:06.660478+00:00
1,0xd68b57e44b6bd4b2512fc75e489eba671a8e449f,eoa_candidate,no_code,0,25512299,2026-07-11T22:16:06.660478+00:00,,,not_checked,,,,,,,,,,,,,,,,,partial,erc4337_not_checked|no_code_observed|safe_not_checked,legacy_code_snapshot,,25512299,account-evidence-v1,2026-07-11T22:16:06.660478+00:00
1,0xd6a9e21745925c11a036a9a20e5a10cde7c94d5b,eoa_candidate,no_code,0,25512299,2026-07-11T22:16:06.660478+00:00,,,not_checked,,,,,,,,,,,,,,,,,partial,erc4337_not_checked|no_code_observed|safe_not_checked,legacy_code_snapshot,,25512299,account-evidence-v1,2026-07-11T22:16:06.660478+00:00
1,0xd6eafcb198a0b05c715ff247feaaa5a05464349c,eoa_candidate,no_code,0,25512299,2026-07-11T22:16:06.660478+00:00,,,not_checked,,,,,,,,,,,,,,,,,partial,erc4337_not_checked|no_code_observed|safe_not_checked,legacy_code_snapshot,,25512299,account-evidence-v1,2026-07-11T22:16:06.660478+00:00
1,0xd7047f6fe4c87ce807b2f94d6bb28131d88f7f9d,contract,contract_code,11293,25512299,2026-07-11T22:16:06.660478+00:00,,,not_checked,,,,,,,,,,,,,,,,,partial,contract_code_observed|erc4337_not_checked|safe_not_checked,legacy_code_snapshot,,25512299,account-evidence-v1,2026-07-11T22:16:06.660478+00:00
1,0xd79cb52259964ef36eb4edef06bb16d45c65760c,contract,contract_code,11293,25512299,2026-07-11T22:16:06.660478+00:00,,,not_checked,,,,,,,,,,,,,,,,,partial,contract_code_observed|erc4337_not_checked|safe_not_checked,legacy_code_snapshot,,25512299,account-evidence-v1,2026-07-11T22:16:06.660478+00:00
1,0xd7edd01e048d00019671df50d529f35b13fa8234,eoa_candidate,no_code,0,25512299,2026-07-11T22:16:06.660478+00:00,,,not_checked,,,,,,,,,,,,,,,,,partial,erc4337_not_checked|no_code_observed|safe_not_checked,legacy_code_snapshot,,25512299,account-evidence-v1,2026-07-11T22:16:06.660478+00:00
1,0xd7f8730f5917024bd681b8dfda812527165a20f5,eoa_candidate,no_code,0,25512299,2026-07-11T22:16:06.660478+00:00,,,not_checked,,,,,,,,,,,,,,,,,partial,erc4337_not_checked|no_code_observed|safe_not_checked,legacy_code_snapshot,,25512299,account-evidence-v1,2026-07-11T22:16:06.660478+00:00
1,0xd8048483c6560cd5d018408a7689a995b65e7bda,contract,contract_code,23,25512299,2026-07-11T22:16:06.660478+00:00,,,not_checked,,,,,,,,,,,,,,,,,partial,contract_code_observed|erc4337_not_checked|safe_not_checked,legacy_code_snapshot,,25512299,account-evidence-v1,2026-07-11T22:16:06.660478+00:00
1,0xd844f1e1428527eeccad85109f8820a262f383e7,contract,contract_code,11293,25512299,2026-07-11T22:16:06.660478+00:00,,,not_checked,,,,,,,,,,,,,,,,,partial,contract_code_observed|erc4337_not_checked|safe_not_checked,legacy_code_snapshot,,25512299,account-evidence-v1,2026-07-11T22:16:06.660478+00:00
1,0xd8da6bf26964af9d7eed9e03e53415d37aa96045,contract,contract_code,23,25512299,2026-07-11T22:16:06.660478+00:00,,,not_checked,,,,,,,,,,,,,,,,,partial,contract_code_observed|erc4337_not_checked|safe_not_checked,legacy_code_snapshot,,25512299,account-evidence-v1,2026-07-11T22:16:06.660478+00:00
1,0xd984a8b8587ab1fe9854aa4bc4365f9c73b95ab2,contract,contract_code,11293,25512299,2026-07-11T22:16:06.660478+00:00,,,not_checked,,,,,,,,,,,,,,,,,partial,contract_code_observed|erc4337_not_checked|safe_not_checked,legacy_code_snapshot,,25512299,account-evidence-v1,2026-07-11T22:16:06.660478+00:00
1,0xd9c9be43b108692eaeb0e2c74b8536862073ab6a,eoa_candidate,no_code,0,25512299,2026-07-11T22:16:06.660478+00:00,,,not_checked,,,,,,,,,,,,,,,,,partial,erc4337_not_checked|no_code_observed|safe_not_checked,legacy_code_snapshot,,25512299,account-evidence-v1,2026-07-11T22:16:06.660478+00:00
1,0xda5f1d22c3ee8caad9d3155a597822dad7b88590,contract,contract_code,11293,25512299,2026-07-11T22:16:06.660478+00:00,,,not_checked,,,,,,,,,,,,,,,,,partial,contract_code_observed|erc4337_not_checked|safe_not_checked,legacy_code_snapshot,,25512299,account-evidence-v1,2026-07-11T22:16:06.660478+00:00
1,0xdab9c5d681458128c6ade003eae8be4f9b78b785,eoa_candidate,no_code,0,25512299,2026-07-11T22:16:06.660478+00:00,,,not_checked,,,,,,,,,,,,,,,,,partial,erc4337_not_checked|no_code_observed|safe_not_checked,legacy_code_snapshot,,25512299,account-evidence-v1,2026-07-11T22:16:06.660478+00:00
1,0xdb1d1fa5bb19f7d61038b26ee807b404e696db2d,contract,contract_code,23,25512299,2026-07-11T22:16:06.660478+00:00,,,not_checked,,,,,,,,,,,,,,,,,partial,contract_code_observed|erc4337_not_checked|safe_not_checked,legacy_code_snapshot,,25512299,account-evidence-v1,2026-07-11T22:16:06.660478+00:00
1,0xdb548974913f31b757eed30e600a582ac2b3fbfa,eoa_candidate,no_code,0,25512299,2026-07-11T22:16:06.660478+00:00,,,not_checked,,,,,,,,,,,,,,,,,partial,erc4337_not_checked|no_code_observed|safe_not_checked,legacy_code_snapshot,,25512299,account-evidence-v1,2026-07-11T22:16:06.660478+00:00
1,0xdbd6ddb3d20fa1883171bc2e99c08176909672a0,eoa_candidate,no_code,0,25512299,2026-07-11T22:16:06.660478+00:00,,,not_checked,,,,,,,,,,,,,,,,,partial,erc4337_not_checked|no_code_observed|safe_not_checked,legacy_code_snapshot,,25512299,account-evidence-v1,2026-07-11T22:16:06.660478+00:00
1,0xdbe0af70e5fd9291c4b6b27b42038f751c5f7934,eoa_candidate,no_code,0,25512299,2026-07-11T22:16:06.660478+00:00,,,not_checked,,,,,,,,,,,,,,,,,partial,erc4337_not_checked|no_code_observed|safe_not_checked,legacy_code_snapshot,,25512299,account-evidence-v1,2026-07-11T22:16:06.660478+00:00
1,0xdbe2bb6e223c8522b026cd006edc757631946d92,eoa_candidate,no_code,0,25512299,2026-07-11T22:16:06.660478+00:00,,,not_checked,,,,,,,,,,,,,,,,,partial,erc4337_not_checked|no_code_observed|safe_not_checked,legacy_code_snapshot,,25512299,account-evidence-v1,2026-07-11T22:16:06.660478+00:00
1,0xdbeecc382326bc6cb0d4dba5e3fc68173beba565,eoa_candidate,no_code,0,25512299,2026-07-11T22:16:06.660478+00:00,,,not_checked,,,,,,,,,,,,,,,,,partial,erc4337_not_checked|no_code_observed|safe_not_checked,legacy_code_snapshot,,25512299,account-evidence-v1,2026-07-11T22:16:06.660478+00:00
1,0xdc1c1c559f247b715080b1cb71bd50afdeac8636,eoa_candidate,no_code,0,25512299,2026-07-11T22:16:06.660478+00:00,,,not_checked,,,,,,,,,,,,,,,,,partial,erc4337_not_checked|no_code_observed|safe_not_checked,legacy_code_snapshot,,25512299,account-evidence-v1,2026-07-11T22:16:06.660478+00:00
1,0xdc305008fc9a012252fad85e2d5ba8603625cb1b,eoa_candidate,no_code,0,25512299,2026-07-11T22:16:06.660478+00:00,,,not_checked,,,,,,,,,,,,,,,,,partial,erc4337_not_checked|no_code_observed|safe_not_checked,legacy_code_snapshot,,25512299,account-evidence-v1,2026-07-11T22:16:06.660478+00:00
1,0xdc63c3f515bde020cf42e9a6508f53cc731a9038,eoa_candidate,no_code,0,25512299,2026-07-11T22:16:06.660478+00:00,,,not_checked,,,,,,,,,,,,,,,,,partial,erc4337_not_checked|no_code_observed|safe_not_checked,legacy_code_snapshot,,25512299,account-evidence-v1,2026-07-11T22:16:06.660478+00:00
1,0xdd16c8f7e8ec1024610f7540c93ec761fc1dcc6c,eoa_candidate,no_code,0,25512299,2026-07-11T22:16:06.660478+00:00,,,not_checked,,,,,,,,,,,,,,,,,partial,erc4337_not_checked|no_code_observed|safe_not_checked,legacy_code_snapshot,,25512299,account-evidence-v1,2026-07-11T22:16:06.660478+00:00
1,0xdd4a6592b26ff63a32f90b9e28e8d9e6bb36d3c3,contract,contract_code,11293,25512299,2026-07-11T22:16:06.660478+00:00,,,not_checked,,,,,,,,,,,,,,,,,partial,contract_code_observed|erc4337_not_checked|safe_not_checked,legacy_code_snapshot,,25512299,account-evidence-v1,2026-07-11T22:16:06.660478+00:00
1,0xdd4b68c06f62a7cebe791917c85b83a9573272b8,eoa_candidate,no_code,0,25512299,2026-07-11T22:16:06.660478+00:00,,,not_checked,,,,,,,,,,,,,,,,,partial,erc4337_not_checked|no_code_observed|safe_not_checked,legacy_code_snapshot,,25512299,account-evidence-v1,2026-07-11T22:16:06.660478+00:00
1,0xddc480e035edfd61c890410813dcd724c3486c97,contract,contract_code,11293,25512299,2026-07-11T22:16:06.660478+00:00,,,not_checked,,,,,,,,,,,,,,,,,partial,contract_code_observed|erc4337_not_checked|safe_not_checked,legacy_code_snapshot,,25512299,account-evidence-v1,2026-07-11T22:16:06.660478+00:00
1,0xde18933cbcc30bbbbb8e20cdb8adb98a2f60e68a,eoa_candidate,no_code,0,25512299,2026-07-11T22:16:06.660478+00:00,,,not_checked,,,,,,,,,,,,,,,,,partial,erc4337_not_checked|no_code_observed|safe_not_checked,legacy_code_snapshot,,25512299,account-evidence-v1,2026-07-11T22:16:06.660478+00:00
1,0xde53b38e2d0d10271d0f9c94ec6807e757684246,eoa_candidate,no_code,0,25512299,2026-07-11T22:16:06.660478+00:00,,,not_checked,,,,,,,,,,,,,,,,,partial,erc4337_not_checked|no_code_observed|safe_not_checked,legacy_code_snapshot,,25512299,account-evidence-v1,2026-07-11T22:16:06.660478+00:00
1,0xde5ad475057482fec82136e5e698ecd8b57615e9,eoa_candidate,no_code,0,25512299,2026-07-11T22:16:06.660478+00:00,,,not_checked,,,,,,,,,,,,,,,,,partial,erc4337_not_checked|no_code_observed|safe_not_checked,legacy_code_snapshot,,25512299,account-evidence-v1,2026-07-11T22:16:06.660478+00:00
1,0xdee70895cb04eeafb664628acca97ad614a21f22,eoa_candidate,no_code,0,25512299,2026-07-11T22:16:06.660478+00:00,,,not_checked,,,,,,,,,,,,,,,,,partial,erc4337_not_checked|no_code_observed|safe_not_checked,legacy_code_snapshot,,25512299,account-evidence-v1,2026-07-11T22:16:06.660478+00:00
1,0xdf17518bfdf4783bbc73f4b35f5209d3a25f711e,eoa_candidate,no_code,0,25512299,2026-07-11T22:16:06.660478+00:00,,,not_checked,,,,,,,,,,,,,,,,,partial,erc4337_not_checked|no_code_observed|safe_not_checked,legacy_code_snapshot,,25512299,account-evidence-v1,2026-07-11T22:16:06.660478+00:00
1,0xdf5286bce7cb9712a963e0168cfb696bddda210a,contract,contract_code,11293,25512299,2026-07-11T22:16:06.660478+00:00,,,not_checked,,,,,,,,,,,,,,,,,partial,contract_code_observed|erc4337_not_checked|safe_not_checked,legacy_code_snapshot,,25512299,account-evidence-v1,2026-07-11T22:16:06.660478+00:00
1,0xdf7c7c18cff4c6fbb2ad1a6f4454c665600727ff,eoa_candidate,no_code,0,25512299,2026-07-11T22:16:06.660478+00:00,,,not_checked,,,,,,,,,,,,,,,,,partial,erc4337_not_checked|no_code_observed|safe_not_checked,legacy_code_snapshot,,25512299,account-evidence-v1,2026-07-11T22:16:06.660478+00:00
1,0xdfb2bab960467aafc9cfddb30da5353b2761b05b,contract,contract_code,11293,25512299,2026-07-11T22:16:06.660478+00:00,,,not_checked,,,,,,,,,,,,,,,,,partial,contract_code_observed|erc4337_not_checked|safe_not_checked,legacy_code_snapshot,,25512299,account-evidence-v1,2026-07-11T22:16:06.660478+00:00
1,0xe01b3f9e3b9fe042a5ce69d46bb973a0004db548,contract,contract_code,11293,25512299,2026-07-11T22:16:06.660478+00:00,,,not_checked,,,,,,,,,,,,,,,,,partial,contract_code_observed|erc4337_not_checked|safe_not_checked,legacy_code_snapshot,,25512299,account-evidence-v1,2026-07-11T22:16:06.660478+00:00
1,0xe024abc65cbe8c79b5ca9e39d9cad40c2ec16513,eoa_candidate,no_code,0,25512299,2026-07-11T22:16:06.660478+00:00,,,not_checked,,,,,,,,,,,,,,,,,partial,erc4337_not_checked|no_code_observed|safe_not_checked,legacy_code_snapshot,,25512299,account-evidence-v1,2026-07-11T22:16:06.660478+00:00
1,0xe041e8f7ef3322c894dad103d9bf1b2b8bdc8eb7,contract,contract_code,11293,25512299,2026-07-11T22:16:06.660478+00:00,,,not_checked,,,,,,,,,,,,,,,,,partial,contract_code_observed|erc4337_not_checked|safe_not_checked,legacy_code_snapshot,,25512299,account-evidence-v1,2026-07-11T22:16:06.660478+00:00
1,0xe073ab98dc3c4d881c7c427d71280a4f5f6fa497,contract,contract_code,11293,25512299,2026-07-11T22:16:06.660478+00:00,,,not_checked,,,,,,,,,,,,,,,,,partial,contract_code_observed|erc4337_not_checked|safe_not_checked,legacy_code_snapshot,,25512299,account-evidence-v1,2026-07-11T22:16:06.660478+00:00
1,0xe07cc845fe401f5c7fa8bfb71e940b774ca77632,eoa_candidate,no_code,0,25512299,2026-07-11T22:16:06.660478+00:00,,,not_checked,,,,,,,,,,,,,,,,,partial,erc4337_not_checked|no_code_observed|safe_not_checked,legacy_code_snapshot,,25512299,account-evidence-v1,2026-07-11T22:16:06.660478+00:00
1,0xe1140146993a3b4a8e9ca8c21c79c7b6fe59799f,eoa_candidate,no_code,0,25512299,2026-07-11T22:16:06.660478+00:00,,,not_checked,,,,,,,,,,,,,,,,,partial,erc4337_not_checked|no_code_observed|safe_not_checked,legacy_code_snapshot,,25512299,account-evidence-v1,2026-07-11T22:16:06.660478+00:00
1,0xe13659562a7c48e5cf4c19495e94c6988de80ffc,contract,contract_code,11293,25512299,2026-07-11T22:16:06.660478+00:00,,,not_checked,,,,,,,,,,,,,,,,,partial,contract_code_observed|erc4337_not_checked|safe_not_checked,legacy_code_snapshot,,25512299,account-evidence-v1,2026-07-11T22:16:06.660478+00:00
1,0xe139962e5d7b07a9378f159a4a1b7cabe9df1d6e,eoa_candidate,no_code,0,25512299,2026-07-11T22:16:06.660478+00:00,,,not_checked,,,,,,,,,,,,,,,,,partial,erc4337_not_checked|no_code_observed|safe_not_checked,legacy_code_snapshot,,25512299,account-evidence-v1,2026-07-11T22:16:06.660478+00:00
1,0xe1690e5854007f020486970cc17a4e1d7da135ff,eoa_candidate,no_code,0,25512299,2026-07-11T22:16:06.660478+00:00,,,not_checked,,,,,,,,,,,,,,,,,partial,erc4337_not_checked|no_code_observed|safe_not_checked,legacy_code_snapshot,,25512299,account-evidence-v1,2026-07-11T22:16:06.660478+00:00
1,0xe19f54c659429189217a788c9566f03ccc1a65b6,eoa_candidate,no_code,0,25512299,2026-07-11T22:16:06.660478+00:00,,,not_checked,,,,,,,,,,,,,,,,,partial,erc4337_not_checked|no_code_observed|safe_not_checked,legacy_code_snapshot,,25512299,account-evidence-v1,2026-07-11T22:16:06.660478+00:00
1,0xe1de5b10d8bb83dc468fd45a94160688e1ec5f70,eoa_candidate,no_code,0,25512299,2026-07-11T22:16:06.660478+00:00,,,not_checked,,,,,,,,,,,,,,,,,partial,erc4337_not_checked|no_code_observed|safe_not_checked,legacy_code_snapshot,,25512299,account-evidence-v1,2026-07-11T22:16:06.660478+00:00
1,0xe1ea818ce16003e98a7b6b5fe03363fa232d903d,contract,contract_code,11293,25512299,2026-07-11T22:16:06.660478+00:00,,,not_checked,,,,,,,,,,,,,,,,,partial,contract_code_observed|erc4337_not_checked|safe_not_checked,legacy_code_snapshot,,25512299,account-evidence-v1,2026-07-11T22:16:06.660478+00:00
1,0xe21cbdd15d4bc78875632426cef5857f4de936e1,contract,contract_code,11293,25512299,2026-07-11T22:16:06.660478+00:00,,,not_checked,,,,,,,,,,,,,,,,,partial,contract_code_observed|erc4337_not_checked|safe_not_checked,legacy_code_snapshot,,25512299,account-evidence-v1,2026-07-11T22:16:06.660478+00:00
1,0xe2419ab6629c6137d7ae5b5761a222b0ce1e8392,eoa_candidate,no_code,0,25512299,2026-07-11T22:16:06.660478+00:00,,,not_checked,,,,,,,,,,,,,,,,,partial,erc4337_not_checked|no_code_observed|safe_not_checked,legacy_code_snapshot,,25512299,account-evidence-v1,2026-07-11T22:16:06.660478+00:00
1,0xe265d2412889450e857b9b7d4b9436b822a76e7d,eoa_candidate,no_code,0,25512299,2026-07-11T22:16:06.660478+00:00,,,not_checked,,,,,,,,,,,,,,,,,partial,erc4337_not_checked|no_code_observed|safe_not_checked,legacy_code_snapshot,,25512299,account-evidence-v1,2026-07-11T22:16:06.660478+00:00
1,0xe2fe530c047f2d85298b07d9333c05737f1435fb,contract,contract_code,2240,25512299,2026-07-11T22:16:06.660478+00:00,,,not_checked,,,,,,,,,,,,,,,,,partial,contract_code_observed|erc4337_not_checked|safe_not_checked,legacy_code_snapshot,,25512299,account-evidence-v1,2026-07-11T22:16:06.660478+00:00
1,0xe31b25934f5774326f45400a4e59f69db226095d,contract,contract_code,11293,25512299,2026-07-11T22:16:06.660478+00:00,,,not_checked,,,,,,,,,,,,,,,,,partial,contract_code_observed|erc4337_not_checked|safe_not_checked,legacy_code_snapshot,,25512299,account-evidence-v1,2026-07-11T22:16:06.660478+00:00
1,0xe33bfea9d5d54daa55e9964be7ec49111757e003,contract,contract_code,11293,25512299,2026-07-11T22:16:06.660478+00:00,,,not_checked,,,,,,,,,,,,,,,,,partial,contract_code_observed|erc4337_not_checked|safe_not_checked,legacy_code_snapshot,,25512299,account-evidence-v1,2026-07-11T22:16:06.660478+00:00
1,0xe356fe28b7b6b015a3b2bb4419dbdf2777d7420b,eoa_candidate,no_code,0,25512299,2026-07-11T22:16:06.660478+00:00,,,not_checked,,,,,,,,,,,,,,,,,partial,erc4337_not_checked|no_code_observed|safe_not_checked,legacy_code_snapshot,,25512299,account-evidence-v1,2026-07-11T22:16:06.660478+00:00
1,0xe37a010859a480f69c8af3dc8dcf171daee80a01,eoa_candidate,no_code,0,25512299,2026-07-11T22:16:06.660478+00:00,,,not_checked,,,,,,,,,,,,,,,,,partial,erc4337_not_checked|no_code_observed|safe_not_checked,legacy_code_snapshot,,25512299,account-evidence-v1,2026-07-11T22:16:06.660478+00:00
1,0xe397cb076964c6657f0dffbc3579b31ccb6652ec,eoa_candidate,no_code,0,25512299,2026-07-11T22:16:06.660478+00:00,,,not_checked,,,,,,,,,,,,,,,,,partial,erc4337_not_checked|no_code_observed|safe_not_checked,legacy_code_snapshot,,25512299,account-evidence-v1,2026-07-11T22:16:06.660478+00:00
1,0xe3be8206e74773dbc4902480344ae1f94323170b,eoa_candidate,no_code,0,25512299,2026-07-11T22:16:06.660478+00:00,,,not_checked,,,,,,,,,,,,,,,,,partial,erc4337_not_checked|no_code_observed|safe_not_checked,legacy_code_snapshot,,25512299,account-evidence-v1,2026-07-11T22:16:06.660478+00:00
1,0xe4342ce26284ed5ffe420c67c728d173f06edb93,contract,contract_code,11293,25512299,2026-07-11T22:16:06.660478+00:00,,,not_checked,,,,,,,,,,,,,,,,,partial,contract_code_observed|erc4337_not_checked|safe_not_checked,legacy_code_snapshot,,25512299,account-evidence-v1,2026-07-11T22:16:06.660478+00:00
1,0xe4382a70f03adf89b4bad1638d743d804104d5f8,eoa_candidate,no_code,0,25512299,2026-07-11T22:16:06.660478+00:00,,,not_checked,,,,,,,,,,,,,,,,,partial,erc4337_not_checked|no_code_observed|safe_not_checked,legacy_code_snapshot,,25512299,account-evidence-v1,2026-07-11T22:16:06.660478+00:00
1,0xe507f492c3b6cd291cfcf4ef115200e8a96abcbd,contract,contract_code,11293,25512299,2026-07-11T22:16:06.660478+00:00,,,not_checked,,,,,,,,,,,,,,,,,partial,contract_code_observed|erc4337_not_checked|safe_not_checked,legacy_code_snapshot,,25512299,account-evidence-v1,2026-07-11T22:16:06.660478+00:00
1,0xe50ba22e1c7cd0d36afa90973b12d26aff167993,eoa_candidate,no_code,0,25512299,2026-07-11T22:16:06.660478+00:00,,,not_checked,,,,,,,,,,,,,,,,,partial,erc4337_not_checked|no_code_observed|safe_not_checked,legacy_code_snapshot,,25512299,account-evidence-v1,2026-07-11T22:16:06.660478+00:00
1,0xe5dfb6fbbdfef519a97f219351b5644170d73ecf,contract,contract_code,171,25512299,2026-07-11T22:16:06.660478+00:00,,,not_checked,,,,,,,,,,,,,,,,,partial,contract_code_observed|erc4337_not_checked|safe_not_checked,legacy_code_snapshot,,25512299,account-evidence-v1,2026-07-11T22:16:06.660478+00:00
1,0xe5f96aa50388ee6aa9d8a112fa0c57178b70d111,eoa_candidate,no_code,0,25512299,2026-07-11T22:16:06.660478+00:00,,,not_checked,,,,,,,,,,,,,,,,,partial,erc4337_not_checked|no_code_observed|safe_not_checked,legacy_code_snapshot,,25512299,account-evidence-v1,2026-07-11T22:16:06.660478+00:00
1,0xe620a167898cc06cd589569edaceca6433c55b1c,eoa_candidate,no_code,0,25512299,2026-07-11T22:16:06.660478+00:00,,,not_checked,,,,,,,,,,,,,,,,,partial,erc4337_not_checked|no_code_observed|safe_not_checked,legacy_code_snapshot,,25512299,account-evidence-v1,2026-07-11T22:16:06.660478+00:00
1,0xe65f44e3049148466b11f8dba3ac5fcc4a9f6511,contract,contract_code,11293,25512299,2026-07-11T22:16:06.660478+00:00,,,not_checked,,,,,,,,,,,,,,,,,partial,contract_code_observed|erc4337_not_checked|safe_not_checked,legacy_code_snapshot,,25512299,account-evidence-v1,2026-07-11T22:16:06.660478+00:00
1,0xe7bff46fcb389a3d6e1a09d976c04a9e58e399e4,eoa_candidate,no_code,0,25512299,2026-07-11T22:16:06.660478+00:00,,,not_checked,,,,,,,,,,,,,,,,,partial,erc4337_not_checked|no_code_observed|safe_not_checked,legacy_code_snapshot,,25512299,account-evidence-v1,2026-07-11T22:16:06.660478+00:00
1,0xe84a7e77380072a94a13e3bc2899a7856043d417,contract,contract_code,11293,25512299,2026-07-11T22:16:06.660478+00:00,,,not_checked,,,,,,,,,,,,,,,,,partial,contract_code_observed|erc4337_not_checked|safe_not_checked,legacy_code_snapshot,,25512299,account-evidence-v1,2026-07-11T22:16:06.660478+00:00
1,0xe8529af6856250541eec7e5ea47c2ee0dcfc20c6,eoa_candidate,no_code,0,25512299,2026-07-11T22:16:06.660478+00:00,,,not_checked,,,,,,,,,,,,,,,,,partial,erc4337_not_checked|no_code_observed|safe_not_checked,legacy_code_snapshot,,25512299,account-evidence-v1,2026-07-11T22:16:06.660478+00:00
1,0xe853b5cb71262de8a8f52cece3f8f22600005172,contract,contract_code,9079,25512299,2026-07-11T22:16:06.660478+00:00,,,not_checked,,,,,,,,,,,,,,,,,partial,contract_code_observed|erc4337_not_checked|safe_not_checked,legacy_code_snapshot,,25512299,account-evidence-v1,2026-07-11T22:16:06.660478+00:00
1,0xe88fa2f60afbb4fc32724387a3cbfb5f38d7dfa6,eoa_candidate,no_code,0,25512299,2026-07-11T22:16:06.660478+00:00,,,not_checked,,,,,,,,,,,,,,,,,partial,erc4337_not_checked|no_code_observed|safe_not_checked,legacy_code_snapshot,,25512299,account-evidence-v1,2026-07-11T22:16:06.660478+00:00
1,0xe9a591c83399b7469452bd73f7fd9ac14aa72465,eoa_candidate,no_code,0,25512299,2026-07-11T22:16:06.660478+00:00,,,not_checked,,,,,,,,,,,,,,,,,partial,erc4337_not_checked|no_code_observed|safe_not_checked,legacy_code_snapshot,,25512299,account-evidence-v1,2026-07-11T22:16:06.660478+00:00
1,0xea1ff5809c05667437702ef089109691297964b9,contract,contract_code,11293,25512299,2026-07-11T22:16:06.660478+00:00,,,not_checked,,,,,,,,,,,,,,,,,partial,contract_code_observed|erc4337_not_checked|safe_not_checked,legacy_code_snapshot,,25512299,account-evidence-v1,2026-07-11T22:16:06.660478+00:00
1,0xea4006429d065f02580fab334353c7c88a3cfc76,contract,contract_code,11293,25512299,2026-07-11T22:16:06.660478+00:00,,,not_checked,,,,,,,,,,,,,,,,,partial,contract_code_observed|erc4337_not_checked|safe_not_checked,legacy_code_snapshot,,25512299,account-evidence-v1,2026-07-11T22:16:06.660478+00:00
1,0xeacd4581fbbc89c511cee5a9cea69efcc1704a33,eoa_candidate,no_code,0,25512299,2026-07-11T22:16:06.660478+00:00,,,not_checked,,,,,,,,,,,,,,,,,partial,erc4337_not_checked|no_code_observed|safe_not_checked,legacy_code_snapshot,,25512299,account-evidence-v1,2026-07-11T22:16:06.660478+00:00
1,0xeacd52883dbea48b23e157d23ea41075403b3100,eoa_candidate,no_code,0,25512299,2026-07-11T22:16:06.660478+00:00,,,not_checked,,,,,,,,,,,,,,,,,partial,erc4337_not_checked|no_code_observed|safe_not_checked,legacy_code_snapshot,,25512299,account-evidence-v1,2026-07-11T22:16:06.660478+00:00
1,0xeb0a0a190bf5c0e34808f5aa7d27829d1015546b,eoa_candidate,no_code,0,25512299,2026-07-11T22:16:06.660478+00:00,,,not_checked,,,,,,,,,,,,,,,,,partial,erc4337_not_checked|no_code_observed|safe_not_checked,legacy_code_snapshot,,25512299,account-evidence-v1,2026-07-11T22:16:06.660478+00:00
1,0xeb5b77a490e81e8ca1a39b01268934c303168fa9,contract,contract_code,11293,25512299,2026-07-11T22:16:06.660478+00:00,,,not_checked,,,,,,,,,,,,,,,,,partial,contract_code_observed|erc4337_not_checked|safe_not_checked,legacy_code_snapshot,,25512299,account-evidence-v1,2026-07-11T22:16:06.660478+00:00
1,0xebdbbed440f2390f2eac0415122d02b0caeed9b3,contract,contract_code,11293,25512299,2026-07-11T22:16:06.660478+00:00,,,not_checked,,,,,,,,,,,,,,,,,partial,contract_code_observed|erc4337_not_checked|safe_not_checked,legacy_code_snapshot,,25512299,account-evidence-v1,2026-07-11T22:16:06.660478+00:00
1,0xebe64ba11ef179a26ef33636436cd33d947e584a,contract,contract_code,23,25512299,2026-07-11T22:16:06.660478+00:00,,,not_checked,,,,,,,,,,,,,,,,,partial,contract_code_observed|erc4337_not_checked|safe_not_checked,legacy_code_snapshot,,25512299,account-evidence-v1,2026-07-11T22:16:06.660478+00:00
1,0xec075d2a542dac24bfde8a2eed52b80fe538f7e9,contract,contract_code,11293,25512299,2026-07-11T22:16:06.660478+00:00,,,not_checked,,,,,,,,,,,,,,,,,partial,contract_code_observed|erc4337_not_checked|safe_not_checked,legacy_code_snapshot,,25512299,account-evidence-v1,2026-07-11T22:16:06.660478+00:00
1,0xec80cb3e2b4d346823d72ed79b02e7ecf5842726,eoa_candidate,no_code,0,25512299,2026-07-11T22:16:06.660478+00:00,,,not_checked,,,,,,,,,,,,,,,,,partial,erc4337_not_checked|no_code_observed|safe_not_checked,legacy_code_snapshot,,25512299,account-evidence-v1,2026-07-11T22:16:06.660478+00:00
1,0xeca9a3e50dc533d4018da824d63d822c378aa976,eoa_candidate,no_code,0,25512299,2026-07-11T22:16:06.660478+00:00,,,not_checked,,,,,,,,,,,,,,,,,partial,erc4337_not_checked|no_code_observed|safe_not_checked,legacy_code_snapshot,,25512299,account-evidence-v1,2026-07-11T22:16:06.660478+00:00
1,0xecb88987c3df520c19720b7a916683fe6e1e00db,eoa_candidate,no_code,0,25512299,2026-07-11T22:16:06.660478+00:00,,,not_checked,,,,,,,,,,,,,,,,,partial,erc4337_not_checked|no_code_observed|safe_not_checked,legacy_code_snapshot,,25512299,account-evidence-v1,2026-07-11T22:16:06.660478+00:00
1,0xecd8b40be762032e3f89f207925e1a85d5989f4f,contract,contract_code,11293,25512299,2026-07-11T22:16:06.660478+00:00,,,not_checked,,,,,,,,,,,,,,,,,partial,contract_code_observed|erc4337_not_checked|safe_not_checked,legacy_code_snapshot,,25512299,account-evidence-v1,2026-07-11T22:16:06.660478+00:00
1,0xecf65cef5ed53914711ce24b7493ecb1bab25686,eoa_candidate,no_code,0,25512299,2026-07-11T22:16:06.660478+00:00,,,not_checked,,,,,,,,,,,,,,,,,partial,erc4337_not_checked|no_code_observed|safe_not_checked,legacy_code_snapshot,,25512299,account-evidence-v1,2026-07-11T22:16:06.660478+00:00
1,0xed1dc7555fb9cf582bd27f9c800b80e055e987c6,eoa_candidate,no_code,0,25512299,2026-07-11T22:16:06.660478+00:00,,,not_checked,,,,,,,,,,,,,,,,,partial,erc4337_not_checked|no_code_observed|safe_not_checked,legacy_code_snapshot,,25512299,account-evidence-v1,2026-07-11T22:16:06.660478+00:00
1,0xed28a83af47ceb0de0acc301894a8e693b888840,contract,contract_code,11293,25512299,2026-07-11T22:16:06.660478+00:00,,,not_checked,,,,,,,,,,,,,,,,,partial,contract_code_observed|erc4337_not_checked|safe_not_checked,legacy_code_snapshot,,25512299,account-evidence-v1,2026-07-11T22:16:06.660478+00:00
1,0xed30d31946659cbe9761f05964d65a9c5f84222a,contract,contract_code,23,25512299,2026-07-11T22:16:06.660478+00:00,,,not_checked,,,,,,,,,,,,,,,,,partial,contract_code_observed|erc4337_not_checked|safe_not_checked,legacy_code_snapshot,,25512299,account-evidence-v1,2026-07-11T22:16:06.660478+00:00
1,0xed880ba67cb41ba8a6a224f1c1b9d17d2bce1873,eoa_candidate,no_code,0,25512299,2026-07-11T22:16:06.660478+00:00,,,not_checked,,,,,,,,,,,,,,,,,partial,erc4337_not_checked|no_code_observed|safe_not_checked,legacy_code_snapshot,,25512299,account-evidence-v1,2026-07-11T22:16:06.660478+00:00
1,0xedfe288d170e5bc96150725e26ede161804f7f4f,contract,contract_code,11293,25512299,2026-07-11T22:16:06.660478+00:00,,,not_checked,,,,,,,,,,,,,,,,,partial,contract_code_observed|erc4337_not_checked|safe_not_checked,legacy_code_snapshot,,25512299,account-evidence-v1,2026-07-11T22:16:06.660478+00:00
1,0xee33cb6d97744896426035515cdcd0e5102f1813,contract,contract_code,11293,25512299,2026-07-11T22:16:06.660478+00:00,,,not_checked,,,,,,,,,,,,,,,,,partial,contract_code_observed|erc4337_not_checked|safe_not_checked,legacy_code_snapshot,,25512299,account-evidence-v1,2026-07-11T22:16:06.660478+00:00
1,0xee9b6a906b369c672a1a01c0a71910a05d4d4298,eoa_candidate,no_code,0,25512299,2026-07-11T22:16:06.660478+00:00,,,not_checked,,,,,,,,,,,,,,,,,partial,erc4337_not_checked|no_code_observed|safe_not_checked,legacy_code_snapshot,,25512299,account-evidence-v1,2026-07-11T22:16:06.660478+00:00
1,0xee9c4412b404a4b0ac9992617bd12bbce03e670e,eoa_candidate,no_code,0,25512299,2026-07-11T22:16:06.660478+00:00,,,not_checked,,,,,,,,,,,,,,,,,partial,erc4337_not_checked|no_code_observed|safe_not_checked,legacy_code_snapshot,,25512299,account-evidence-v1,2026-07-11T22:16:06.660478+00:00
1,0xeed400342dc712737b2267f7f4936bc97c01ef8d,eoa_candidate,no_code,0,25512299,2026-07-11T22:16:06.660478+00:00,,,not_checked,,,,,,,,,,,,,,,,,partial,erc4337_not_checked|no_code_observed|safe_not_checked,legacy_code_snapshot,,25512299,account-evidence-v1,2026-07-11T22:16:06.660478+00:00
1,0xef3152eff1df04b61eac3a64e840c44f696b31ce,eoa_candidate,no_code,0,25512299,2026-07-11T22:16:06.660478+00:00,,,not_checked,,,,,,,,,,,,,,,,,partial,erc4337_not_checked|no_code_observed|safe_not_checked,legacy_code_snapshot,,25512299,account-evidence-v1,2026-07-11T22:16:06.660478+00:00
1,0xef4e928d2707226d62de14d1b9067c67f7bf2335,eoa_candidate,no_code,0,25512299,2026-07-11T22:16:06.660478+00:00,,,not_checked,,,,,,,,,,,,,,,,,partial,erc4337_not_checked|no_code_observed|safe_not_checked,legacy_code_snapshot,,25512299,account-evidence-v1,2026-07-11T22:16:06.660478+00:00
1,0xef6efad085e089d953b04d7e262b9dbbc27bee04,contract,contract_code,11293,25512299,2026-07-11T22:16:06.660478+00:00,,,not_checked,,,,,,,,,,,,,,,,,partial,contract_code_observed|erc4337_not_checked|safe_not_checked,legacy_code_snapshot,,25512299,account-evidence-v1,2026-07-11T22:16:06.660478+00:00
1,0xef6fc636a63859e08ad3479fe456262eed2e5042,contract,contract_code,22532,25512299,2026-07-11T22:16:06.660478+00:00,,,not_checked,,,,,,,,,,,,,,,,,partial,contract_code_observed|erc4337_not_checked|safe_not_checked,legacy_code_snapshot,,25512299,account-evidence-v1,2026-07-11T22:16:06.660478+00:00
1,0xef834d569be3dfc4e3d5488f0134782e776288b4,eoa_candidate,no_code,0,25512299,2026-07-11T22:16:06.660478+00:00,,,not_checked,,,,,,,,,,,,,,,,,partial,erc4337_not_checked|no_code_observed|safe_not_checked,legacy_code_snapshot,,25512299,account-evidence-v1,2026-07-11T22:16:06.660478+00:00
1,0xefc5f77c5ad5db85bc287e80d8c3b88c3f27662c,contract,contract_code,2112,25512299,2026-07-11T22:16:06.660478+00:00,,,not_checked,,,,,,,,,,,,,,,,,partial,contract_code_observed|erc4337_not_checked|safe_not_checked,legacy_code_snapshot,,25512299,account-evidence-v1,2026-07-11T22:16:06.660478+00:00
1,0xefd55376412c8bc4560108c696cc696e0db1f45c,eoa_candidate,no_code,0,25512299,2026-07-11T22:16:06.660478+00:00,,,not_checked,,,,,,,,,,,,,,,,,partial,erc4337_not_checked|no_code_observed|safe_not_checked,legacy_code_snapshot,,25512299,account-evidence-v1,2026-07-11T22:16:06.660478+00:00
1,0xf0163c18f8d3fc8d5b4ca15e07d0f9f75460335f,contract,contract_code,2112,25512299,2026-07-11T22:16:06.660478+00:00,,,not_checked,,,,,,,,,,,,,,,,,partial,contract_code_observed|erc4337_not_checked|safe_not_checked,legacy_code_snapshot,,25512299,account-evidence-v1,2026-07-11T22:16:06.660478+00:00
1,0xf081470f5c6fbccf48cc4e5b82dd926409dcdd67,contract,contract_code,12810,25512299,2026-07-11T22:16:06.660478+00:00,,,not_checked,,,,,,,,,,,,,,,,,partial,contract_code_observed|erc4337_not_checked|safe_not_checked,legacy_code_snapshot,,25512299,account-evidence-v1,2026-07-11T22:16:06.660478+00:00
1,0xf13176ece4ed8d9aa4c335cd4f247458d4863fe4,eoa_candidate,no_code,0,25512299,2026-07-11T22:16:06.660478+00:00,,,not_checked,,,,,,,,,,,,,,,,,partial,erc4337_not_checked|no_code_observed|safe_not_checked,legacy_code_snapshot,,25512299,account-evidence-v1,2026-07-11T22:16:06.660478+00:00
1,0xf1d3f5a47adc6d9eec439c1d4dde1adc16b6bc80,eoa_candidate,no_code,0,25512299,2026-07-11T22:16:06.660478+00:00,,,not_checked,,,,,,,,,,,,,,,,,partial,erc4337_not_checked|no_code_observed|safe_not_checked,legacy_code_snapshot,,25512299,account-evidence-v1,2026-07-11T22:16:06.660478+00:00
1,0xf22665b7f822358608b3a5a1810434bd05e15367,contract,contract_code,11293,25512299,2026-07-11T22:16:06.660478+00:00,,,not_checked,,,,,,,,,,,,,,,,,partial,contract_code_observed|erc4337_not_checked|safe_not_checked,legacy_code_snapshot,,25512299,account-evidence-v1,2026-07-11T22:16:06.660478+00:00
1,0xf33d5166f430412c05c8d1eb489e4be17ff9cac4,eoa_candidate,no_code,0,25512299,2026-07-11T22:16:06.660478+00:00,,,not_checked,,,,,,,,,,,,,,,,,partial,erc4337_not_checked|no_code_observed|safe_not_checked,legacy_code_snapshot,,25512299,account-evidence-v1,2026-07-11T22:16:06.660478+00:00
1,0xf36e06675c683a8fcfca7951e3349ada4b790077,eoa_candidate,no_code,0,25512299,2026-07-11T22:16:06.660478+00:00,,,not_checked,,,,,,,,,,,,,,,,,partial,erc4337_not_checked|no_code_observed|safe_not_checked,legacy_code_snapshot,,25512299,account-evidence-v1,2026-07-11T22:16:06.660478+00:00
1,0xf3e4ad81fbf1cbc54399014e0a1767f33c3c271a,eoa_candidate,no_code,0,25512299,2026-07-11T22:16:06.660478+00:00,,,not_checked,,,,,,,,,,,,,,,,,partial,erc4337_not_checked|no_code_observed|safe_not_checked,legacy_code_snapshot,,25512299,account-evidence-v1,2026-07-11T22:16:06.660478+00:00
1,0xf3f29f8ed88265098996ea4d89cc652abce822e8,eoa_candidate,no_code,0,25512299,2026-07-11T22:16:06.660478+00:00,,,not_checked,,,,,,,,,,,,,,,,,partial,erc4337_not_checked|no_code_observed|safe_not_checked,legacy_code_snapshot,,25512299,account-evidence-v1,2026-07-11T22:16:06.660478+00:00
1,0xf443bb657f9be2a22bfa6522c4406700c23a97b4,contract,contract_code,23,25512299,2026-07-11T22:16:06.660478+00:00,,,not_checked,,,,,,,,,,,,,,,,,partial,contract_code_observed|erc4337_not_checked|safe_not_checked,legacy_code_snapshot,,25512299,account-evidence-v1,2026-07-11T22:16:06.660478+00:00
1,0xf498ee19ec955d01053c6cb738c555301c3366d9,eoa_candidate,no_code,0,25512299,2026-07-11T22:16:06.660478+00:00,,,not_checked,,,,,,,,,,,,,,,,,partial,erc4337_not_checked|no_code_observed|safe_not_checked,legacy_code_snapshot,,25512299,account-evidence-v1,2026-07-11T22:16:06.660478+00:00
1,0xf49a175a087703e57c0a89e1b45228b179c29222,eoa_candidate,no_code,0,25512299,2026-07-11T22:16:06.660478+00:00,,,not_checked,,,,,,,,,,,,,,,,,partial,erc4337_not_checked|no_code_observed|safe_not_checked,legacy_code_snapshot,,25512299,account-evidence-v1,2026-07-11T22:16:06.660478+00:00
1,0xf4b687e09c2ca9aad09babadfba5c43596e09421,eoa_candidate,no_code,0,25512299,2026-07-11T22:16:06.660478+00:00,,,not_checked,,,,,,,,,,,,,,,,,partial,erc4337_not_checked|no_code_observed|safe_not_checked,legacy_code_snapshot,,25512299,account-evidence-v1,2026-07-11T22:16:06.660478+00:00
1,0xf4d83a5dc5666067c0530b0468aedccd00318888,eoa_candidate,no_code,0,25512299,2026-07-11T22:16:06.660478+00:00,,,not_checked,,,,,,,,,,,,,,,,,partial,erc4337_not_checked|no_code_observed|safe_not_checked,legacy_code_snapshot,,25512299,account-evidence-v1,2026-07-11T22:16:06.660478+00:00
1,0xf56f9ae199e09c4ab91d2ed65860c30862bbade8,contract,contract_code,11293,25512299,2026-07-11T22:16:06.660478+00:00,,,not_checked,,,,,,,,,,,,,,,,,partial,contract_code_observed|erc4337_not_checked|safe_not_checked,legacy_code_snapshot,,25512299,account-evidence-v1,2026-07-11T22:16:06.660478+00:00
1,0xf63ba723b43c79f8d775388e014dcb6e961197a6,contract,contract_code,11293,25512299,2026-07-11T22:16:06.660478+00:00,,,not_checked,,,,,,,,,,,,,,,,,partial,contract_code_observed|erc4337_not_checked|safe_not_checked,legacy_code_snapshot,,25512299,account-evidence-v1,2026-07-11T22:16:06.660478+00:00
1,0xf6b388cd4e325cfdb7d6d807e82b09daafb20f7a,contract,contract_code,11293,25512299,2026-07-11T22:16:06.660478+00:00,,,not_checked,,,,,,,,,,,,,,,,,partial,contract_code_observed|erc4337_not_checked|safe_not_checked,legacy_code_snapshot,,25512299,account-evidence-v1,2026-07-11T22:16:06.660478+00:00
1,0xf6b68d004ed5cb0461264480fa3775d1e86e4f3a,eoa_candidate,no_code,0,25512299,2026-07-11T22:16:06.660478+00:00,,,not_checked,,,,,,,,,,,,,,,,,partial,erc4337_not_checked|no_code_observed|safe_not_checked,legacy_code_snapshot,,25512299,account-evidence-v1,2026-07-11T22:16:06.660478+00:00
1,0xf6c64813fe7df4e648fb27b166059a0546c458a8,contract,contract_code,11293,25512299,2026-07-11T22:16:06.660478+00:00,,,not_checked,,,,,,,,,,,,,,,,,partial,contract_code_observed|erc4337_not_checked|safe_not_checked,legacy_code_snapshot,,25512299,account-evidence-v1,2026-07-11T22:16:06.660478+00:00
1,0xf6f4a8debba6ff2637c52358ff22cf4b9da097b3,eoa_candidate,no_code,0,25512299,2026-07-11T22:16:06.660478+00:00,,,not_checked,,,,,,,,,,,,,,,,,partial,erc4337_not_checked|no_code_observed|safe_not_checked,legacy_code_snapshot,,25512299,account-evidence-v1,2026-07-11T22:16:06.660478+00:00
1,0xf702f92d6d3dd5c0065c74735e1699247f52b759,eoa_candidate,no_code,0,25512299,2026-07-11T22:16:06.660478+00:00,,,not_checked,,,,,,,,,,,,,,,,,partial,erc4337_not_checked|no_code_observed|safe_not_checked,legacy_code_snapshot,,25512299,account-evidence-v1,2026-07-11T22:16:06.660478+00:00
1,0xf7906486265d916e8978add49bc56e187d6e2dfe,eoa_candidate,no_code,0,25512299,2026-07-11T22:16:06.660478+00:00,,,not_checked,,,,,,,,,,,,,,,,,partial,erc4337_not_checked|no_code_observed|safe_not_checked,legacy_code_snapshot,,25512299,account-evidence-v1,2026-07-11T22:16:06.660478+00:00
1,0xf794a0880f0ae7854b6e894c965c907ed05a5c3b,eoa_candidate,no_code,0,25512299,2026-07-11T22:16:06.660478+00:00,,,not_checked,,,,,,,,,,,,,,,,,partial,erc4337_not_checked|no_code_observed|safe_not_checked,legacy_code_snapshot,,25512299,account-evidence-v1,2026-07-11T22:16:06.660478+00:00
1,0xf80946e299017a3f3fd214dbb61213657c5e1d40,eoa_candidate,no_code,0,25512299,2026-07-11T22:16:06.660478+00:00,,,not_checked,,,,,,,,,,,,,,,,,partial,erc4337_not_checked|no_code_observed|safe_not_checked,legacy_code_snapshot,,25512299,account-evidence-v1,2026-07-11T22:16:06.660478+00:00
1,0xf8463e52403978dbb8b5ac84d957b8f0f716dd7b,contract,contract_code,11293,25512299,2026-07-11T22:16:06.660478+00:00,,,not_checked,,,,,,,,,,,,,,,,,partial,contract_code_observed|erc4337_not_checked|safe_not_checked,legacy_code_snapshot,,25512299,account-evidence-v1,2026-07-11T22:16:06.660478+00:00
1,0xf87018e0a597dc004001b76e98c36a442ea58b2d,eoa_candidate,no_code,0,25512299,2026-07-11T22:16:06.660478+00:00,,,not_checked,,,,,,,,,,,,,,,,,partial,erc4337_not_checked|no_code_observed|safe_not_checked,legacy_code_snapshot,,25512299,account-evidence-v1,2026-07-11T22:16:06.660478+00:00
1,0xf8a839a36c9f79851c10896dff709af1787eace6,eoa_candidate,no_code,0,25512299,2026-07-11T22:16:06.660478+00:00,,,not_checked,,,,,,,,,,,,,,,,,partial,erc4337_not_checked|no_code_observed|safe_not_checked,legacy_code_snapshot,,25512299,account-evidence-v1,2026-07-11T22:16:06.660478+00:00
1,0xf8f6162ffe5243385fa1c1c01836139039bfd272,eoa_candidate,no_code,0,25512299,2026-07-11T22:16:06.660478+00:00,,,not_checked,,,,,,,,,,,,,,,,,partial,erc4337_not_checked|no_code_observed|safe_not_checked,legacy_code_snapshot,,25512299,account-evidence-v1,2026-07-11T22:16:06.660478+00:00
1,0xf912b2edb10e0fa2de7aac5f474eece50d84c9b0,eoa_candidate,no_code,0,25512299,2026-07-11T22:16:06.660478+00:00,,,not_checked,,,,,,,,,,,,,,,,,partial,erc4337_not_checked|no_code_observed|safe_not_checked,legacy_code_snapshot,,25512299,account-evidence-v1,2026-07-11T22:16:06.660478+00:00
1,0xf9543c83858c7bfa40d7b0fbfd4886253e61ab18,eoa_candidate,no_code,0,25512299,2026-07-11T22:16:06.660478+00:00,,,not_checked,,,,,,,,,,,,,,,,,partial,erc4337_not_checked|no_code_observed|safe_not_checked,legacy_code_snapshot,,25512299,account-evidence-v1,2026-07-11T22:16:06.660478+00:00
1,0xf9903fbf4a86cb20bf0738bf073d86ddd2020ece,contract,contract_code,11293,25512299,2026-07-11T22:16:06.660478+00:00,,,not_checked,,,,,,,,,,,,,,,,,partial,contract_code_observed|erc4337_not_checked|safe_not_checked,legacy_code_snapshot,,25512299,account-evidence-v1,2026-07-11T22:16:06.660478+00:00
1,0xf9cda213da0ac505bb9ab49decf35a5950e3905c,eoa_candidate,no_code,0,25512299,2026-07-11T22:16:06.660478+00:00,,,not_checked,,,,,,,,,,,,,,,,,partial,erc4337_not_checked|no_code_observed|safe_not_checked,legacy_code_snapshot,,25512299,account-evidence-v1,2026-07-11T22:16:06.660478+00:00
1,0xfa18915d78c6338c41108c52f04c539d016dbc46,contract,contract_code,11293,25512299,2026-07-11T22:16:06.660478+00:00,,,not_checked,,,,,,,,,,,,,,,,,partial,contract_code_observed|erc4337_not_checked|safe_not_checked,legacy_code_snapshot,,25512299,account-evidence-v1,2026-07-11T22:16:06.660478+00:00
1,0xfa601632e0bebaed65240468c8f67b58b9b6db85,contract,contract_code,11293,25512299,2026-07-11T22:16:06.660478+00:00,,,not_checked,,,,,,,,,,,,,,,,,partial,contract_code_observed|erc4337_not_checked|safe_not_checked,legacy_code_snapshot,,25512299,account-evidence-v1,2026-07-11T22:16:06.660478+00:00
1,0xfa74409cc7cbd7d41e7f42d9e7f695fa9d9c175d,eoa_candidate,no_code,0,25512299,2026-07-11T22:16:06.660478+00:00,,,not_checked,,,,,,,,,,,,,,,,,partial,erc4337_not_checked|no_code_observed|safe_not_checked,legacy_code_snapshot,,25512299,account-evidence-v1,2026-07-11T22:16:06.660478+00:00
1,0xfbc508e669357fcb20a37f7301f7f6b9be3127d6,eoa_candidate,no_code,0,25512299,2026-07-11T22:16:06.660478+00:00,,,not_checked,,,,,,,,,,,,,,,,,partial,erc4337_not_checked|no_code_observed|safe_not_checked,legacy_code_snapshot,,25512299,account-evidence-v1,2026-07-11T22:16:06.660478+00:00
1,0xfc3923367ac21284abdd1577e353ff8968612b2c,contract,contract_code,8111,25512299,2026-07-11T22:16:06.660478+00:00,,,not_checked,,,,,,,,,,,,,,,,,partial,contract_code_observed|erc4337_not_checked|safe_not_checked,legacy_code_snapshot,,25512299,account-evidence-v1,2026-07-11T22:16:06.660478+00:00
1,0xfc5bced3252e1ddb16b3e6bf8e72bc9403d1800f,contract,contract_code,11293,25512299,2026-07-11T22:16:06.660478+00:00,,,not_checked,,,,,,,,,,,,,,,,,partial,contract_code_observed|erc4337_not_checked|safe_not_checked,legacy_code_snapshot,,25512299,account-evidence-v1,2026-07-11T22:16:06.660478+00:00
1,0xfcab301730215ea17d82bfc0e4b2a269de226a14,eoa_candidate,no_code,0,25512299,2026-07-11T22:16:06.660478+00:00,,,not_checked,,,,,,,,,,,,,,,,,partial,erc4337_not_checked|no_code_observed|safe_not_checked,legacy_code_snapshot,,25512299,account-evidence-v1,2026-07-11T22:16:06.660478+00:00
1,0xfce8e4967d1661f01c83990e1c215cd06795afee,eoa_candidate,no_code,0,25512299,2026-07-11T22:16:06.660478+00:00,,,not_checked,,,,,,,,,,,,,,,,,partial,erc4337_not_checked|no_code_observed|safe_not_checked,legacy_code_snapshot,,25512299,account-evidence-v1,2026-07-11T22:16:06.660478+00:00
1,0xfd26a3e25ef43d6a0c1b28511d3cd778a42e7459,eoa_candidate,no_code,0,25512299,2026-07-11T22:16:06.660478+00:00,,,not_checked,,,,,,,,,,,,,,,,,partial,erc4337_not_checked|no_code_observed|safe_not_checked,legacy_code_snapshot,,25512299,account-evidence-v1,2026-07-11T22:16:06.660478+00:00
1,0xfd3584fafaa8343ced7b49d801d3dfa2430e8ad4,eoa_candidate,no_code,0,25512299,2026-07-11T22:16:06.660478+00:00,,,not_checked,,,,,,,,,,,,,,,,,partial,erc4337_not_checked|no_code_observed|safe_not_checked,legacy_code_snapshot,,25512299,account-evidence-v1,2026-07-11T22:16:06.660478+00:00
1,0xfd3fc90098d1a1b9567c19f3aed211b89a7b61d8,contract,contract_code,11293,25512299,2026-07-11T22:16:06.660478+00:00,,,not_checked,,,,,,,,,,,,,,,,,partial,contract_code_observed|erc4337_not_checked|safe_not_checked,legacy_code_snapshot,,25512299,account-evidence-v1,2026-07-11T22:16:06.660478+00:00
1,0xfd4b707946e34a5715e03324eac65e35a5521527,contract,contract_code,23,25512299,2026-07-11T22:16:06.660478+00:00,,,not_checked,,,,,,,,,,,,,,,,,partial,contract_code_observed|erc4337_not_checked|safe_not_checked,legacy_code_snapshot,,25512299,account-evidence-v1,2026-07-11T22:16:06.660478+00:00
1,0xfd5dc92956e59a304734a645eed44f3a9438c37f,eoa_candidate,no_code,0,25512299,2026-07-11T22:16:06.660478+00:00,,,not_checked,,,,,,,,,,,,,,,,,partial,erc4337_not_checked|no_code_observed|safe_not_checked,legacy_code_snapshot,,25512299,account-evidence-v1,2026-07-11T22:16:06.660478+00:00
1,0xfdfa415124bd64d3062243b0739bacbcbe3c305e,eoa_candidate,no_code,0,25512299,2026-07-11T22:16:06.660478+00:00,,,not_checked,,,,,,,,,,,,,,,,,partial,erc4337_not_checked|no_code_observed|safe_not_checked,legacy_code_snapshot,,25512299,account-evidence-v1,2026-07-11T22:16:06.660478+00:00
1,0xfdfba43d4cf8d6467eb4a85a78761e85b26e4e86,eoa_candidate,no_code,0,25512299,2026-07-11T22:16:06.660478+00:00,,,not_checked,,,,,,,,,,,,,,,,,partial,erc4337_not_checked|no_code_observed|safe_not_checked,legacy_code_snapshot,,25512299,account-evidence-v1,2026-07-11T22:16:06.660478+00:00
1,0xfec1543ea8df449928ec4ab16484d474014baf42,eoa_candidate,no_code,0,25512299,2026-07-11T22:16:06.660478+00:00,,,not_checked,,,,,,,,,,,,,,,,,partial,erc4337_not_checked|no_code_observed|safe_not_checked,legacy_code_snapshot,,25512299,account-evidence-v1,2026-07-11T22:16:06.660478+00:00
1,0xfec631b2428e870d7b0b324ae9136c5de6005a11,eoa_candidate,no_code,0,25512299,2026-07-11T22:16:06.660478+00:00,,,not_checked,,,,,,,,,,,,,,,,,partial,erc4337_not_checked|no_code_observed|safe_not_checked,legacy_code_snapshot,,25512299,account-evidence-v1,2026-07-11T22:16:06.660478+00:00
1,0xfed2f08531a44310cb6432e4babcd813a8981f60,eoa_candidate,no_code,0,25512299,2026-07-11T22:16:06.660478+00:00,,,not_checked,,,,,,,,,,,,,,,,,partial,erc4337_not_checked|no_code_observed|safe_not_checked,legacy_code_snapshot,,25512299,account-evidence-v1,2026-07-11T22:16:06.660478+00:00
1,0xff14a03e6ad7166d6922db2637aa87eb56627cc7,eoa_candidate,no_code,0,25512299,2026-07-11T22:16:06.660478+00:00,,,not_checked,,,,,,,,,,,,,,,,,partial,erc4337_not_checked|no_code_observed|safe_not_checked,legacy_code_snapshot,,25512299,account-evidence-v1,2026-07-11T22:16:06.660478+00:00
1,0xffbf1bcac4e1b191a4d1b7086a49fa9ed404a2df,contract,contract_code,11293,25512299,2026-07-11T22:16:06.660478+00:00,,,not_checked,,,,,,,,,,,,,,,,,partial,contract_code_observed|erc4337_not_checked|safe_not_checked,legacy_code_snapshot,,25512299,account-evidence-v1,2026-07-11T22:16:06.660478+00:00
1,0xffdd2484b524d8f218cf78dce737f6a5e188628d,eoa_candidate,no_code,0,25512299,2026-07-11T22:16:06.660478+00:00,,,not_checked,,,,,,,,,,,,,,,,,partial,erc4337_not_checked|no_code_observed|safe_not_checked,legacy_code_snapshot,,25512299,account-evidence-v1,2026-07-11T22:16:06.660478+00:00
1,0xffec4aa60c6dd65fed8afe7ef7e7d7cd257261e1,contract,contract_code,11293,25512299,2026-07-11T22:16:06.660478+00:00,,,not_checked,,,,,,,,,,,,,,,,,partial,contract_code_observed|erc4337_not_checked|safe_not_checked,legacy_code_snapshot,,25512299,account-evidence-v1,2026-07-11T22:16:06.660478+00:00
